B1,B2,B3,B4,B5,B6,B7,B8,B8A,B9,NDVI,NDWI,NDMI,class
0.486300,0.253600,0.350000,0.321800,0.711100,1.203900,1.464700,1.536100,1.572800,1.663300,0.653587,-0.628864,-0.011805,1.000000
0.413500,0.231300,0.336200,0.291000,0.574100,1.180300,1.447700,1.539400,1.518400,1.566300,0.682037,-0.641501,0.006868,1.000000
0.532100,0.215000,0.340800,0.284400,0.586500,1.105600,1.269400,1.361200,1.291700,1.629900,0.654351,-0.599530,0.026198,1.000000
0.454200,0.184800,0.268700,0.239200,0.532100,1.108200,1.262200,1.485700,1.340800,1.464700,0.722651,-0.693684,0.051265,1.000000
0.454200,0.184800,0.268700,0.239200,0.532100,1.108200,1.262200,1.485700,1.340800,1.464700,0.722651,-0.693684,0.051265,1.000000
0.451500,0.184800,0.310600,0.258200,0.516400,1.099700,1.306800,1.523000,1.409700,1.534200,0.710083,-0.661213,0.038633,1.000000
0.451500,0.184800,0.310600,0.258200,0.516400,1.099700,1.306800,1.523000,1.409700,1.534200,0.710083,-0.661213,0.038633,1.000000
0.292300,0.288400,0.498700,0.460700,0.786400,1.160000,1.251100,1.291700,1.287800,1.395900,0.474207,-0.442918,0.001512,1.000000
0.249700,0.215600,0.374200,0.345400,0.724200,1.033500,1.082600,1.148800,1.122000,1.336300,0.537679,-0.508601,0.011802,1.000000
0.249700,0.215600,0.374200,0.345400,0.724200,1.033500,1.082600,1.148800,1.122000,1.336300,0.537679,-0.508601,0.011802,1.000000
0.245800,0.299500,0.449600,0.429300,0.785800,1.095100,1.144900,1.213100,1.205800,1.314600,0.477228,-0.459193,0.003018,1.000000
0.303400,0.255600,0.393200,0.341400,0.584600,1.012500,1.160000,1.246500,1.244500,1.310000,0.569998,-0.520400,8.028904E-4,1.000000
0.268700,0.254900,0.392600,0.342100,0.620000,1.032200,1.164600,1.279900,1.255000,1.245200,0.578175,-0.530523,0.009823,1.000000
0.349300,0.279800,0.384700,0.362400,0.585200,0.968000,1.136400,1.247100,1.199900,1.396600,0.549674,-0.528496,0.019289,1.000000
0.349300,0.279800,0.384700,0.362400,0.585200,0.968000,1.136400,1.247100,1.199900,1.396600,0.549674,-0.528496,0.019289,1.000000
0.349300,0.279800,0.384700,0.362400,0.585200,0.968000,1.136400,1.247100,1.199900,1.396600,0.549674,-0.528496,0.019289,1.000000
0.397800,0.262800,0.389900,0.349300,0.562900,0.999400,1.167200,1.287100,1.242500,1.438500,0.573087,-0.535003,0.017631,1.000000
0.397800,0.262800,0.389900,0.349300,0.562900,0.999400,1.167200,1.287100,1.242500,1.438500,0.573087,-0.535003,0.017631,1.000000
0.455500,0.261500,0.385300,0.343400,0.560300,0.988300,1.148200,1.276600,1.211700,1.506600,0.576049,-0.536314,0.026082,1.000000
0.323100,0.205100,0.289700,0.262100,0.553100,1.014500,1.177700,1.352600,1.285800,1.455500,0.675358,-0.647202,0.025318,1.000000
0.308700,0.161200,0.256200,0.212300,0.439700,0.935800,1.167200,1.312000,1.262900,1.341500,0.721446,-0.673256,0.019069,1.000000
0.273900,0.262800,0.374900,0.367000,0.633100,1.069500,1.194700,1.546000,1.274700,1.142300,0.616309,-0.609662,0.096182,1.000000
0.273900,0.262800,0.374900,0.367000,0.633100,1.069500,1.194700,1.546000,1.274700,1.142300,0.616309,-0.609662,0.096182,1.000000
0.278500,0.147500,0.216300,0.176300,0.456800,1.175700,1.433900,1.662600,1.549900,1.450900,0.808255,-0.769759,0.035082,1.000000
0.278500,0.147500,0.216300,0.176300,0.456800,1.175700,1.433900,1.662600,1.549900,1.450900,0.808255,-0.769759,0.035082,1.000000
0.244400,0.175600,0.281800,0.243800,0.528900,0.842800,0.969300,0.771300,0.937200,1.190100,0.519653,-0.464818,-0.097103,1.000000
0.225400,0.268000,0.414800,0.372900,0.658600,1.095700,1.224800,1.269400,1.332300,1.239300,0.545881,-0.507422,-0.024177,1.000000
0.235300,0.199200,0.317200,0.286400,0.572800,1.052500,1.215700,1.251700,1.350700,1.277900,0.627593,-0.595640,-0.038042,1.000000
0.283100,0.145500,0.231300,0.176900,0.431900,1.116100,1.365100,1.466000,1.450300,1.464700,0.784649,-0.727450,0.005384,1.000000
0.297500,0.161900,0.285100,0.224800,0.448300,1.091200,1.328400,1.315900,1.401100,1.473900,0.708185,-0.643848,-0.031358,1.000000
0.278500,0.164500,0.282500,0.201200,0.443000,0.994200,1.169100,1.375600,1.267400,1.324500,0.744800,-0.659249,0.040938,1.000000
0.289000,0.152700,0.254300,0.192700,0.426000,1.019100,1.227500,1.542700,1.334300,1.382800,0.777919,-0.716973,0.072437,1.000000
0.268000,0.169100,0.285100,0.213600,0.507200,0.795600,0.905000,0.800200,0.878800,1.171800,0.578615,-0.474615,-0.046814,1.000000
0.302100,0.182800,0.271300,0.238500,0.469900,0.948300,1.104900,1.256300,1.189500,1.297600,0.680894,-0.644802,0.027312,1.000000
0.240500,0.186800,0.351900,0.297500,0.680900,0.985000,1.085900,1.061000,1.111500,1.200600,0.562017,-0.501876,-0.023245,1.000000
0.381400,0.226800,0.355200,0.316500,0.534100,1.082600,1.302800,1.437800,1.369000,1.403800,0.639172,-0.603793,0.024512,1.000000
0.353200,0.247700,0.350600,0.336200,0.549800,1.120000,1.347400,1.508600,1.405100,1.416900,0.635516,-0.622849,0.035522,1.000000
0.409600,0.244400,0.351300,0.331000,0.557000,1.043300,1.264200,1.456800,1.332300,1.390000,0.629713,-0.611415,0.044638,1.000000
0.477100,0.228100,0.320500,0.305400,0.593700,1.082000,1.315300,1.506600,1.407000,1.488300,0.662914,-0.649171,0.034185,1.000000
0.621300,0.331600,0.435800,0.457400,1.016400,1.430000,1.587900,1.614800,1.654800,1.673800,0.558537,-0.574954,-0.012234,1.000000
0.563600,0.277200,0.382100,0.374200,0.775300,1.241200,1.426700,1.489000,1.486300,1.579400,0.598326,-0.591577,9.074715E-4,1.000000
0.525600,0.281100,0.435800,0.416100,0.801500,1.259600,1.470600,1.473900,1.546600,1.700600,0.559683,-0.543593,-0.024069,1.000000
0.381400,0.239900,0.328300,0.304100,0.545900,1.154700,1.408300,1.577400,1.468600,1.498800,0.676747,-0.655455,0.035719,1.000000
0.570200,0.220200,0.385300,0.297500,0.682200,1.150800,1.258300,1.181600,1.245200,1.657400,0.597728,-0.508201,-0.026207,1.000000
0.570200,0.220200,0.385300,0.297500,0.682200,1.150800,1.258300,1.181600,1.245200,1.657400,0.597728,-0.508201,-0.026207,1.000000
0.406300,0.218900,0.321100,0.300200,0.554400,1.068200,1.220900,1.424100,1.282500,1.428000,0.651801,-0.632019,0.052317,1.000000
0.451500,0.184800,0.310600,0.258200,0.516400,1.099700,1.306800,1.523000,1.409700,1.534200,0.710083,-0.661213,0.038633,1.000000
0.386000,0.256900,0.363700,0.354500,0.631800,1.177000,1.311400,1.564300,1.420100,1.450900,0.630498,-0.622718,0.048318,1.000000
0.422700,0.201800,0.262800,0.262100,0.572800,1.145600,1.289700,1.576100,1.385400,1.457500,0.714830,-0.714177,0.064393,1.000000
0.303400,0.255600,0.393200,0.341400,0.584600,1.012500,1.160000,1.246500,1.244500,1.310000,0.569998,-0.520400,8.028904E-4,1.000000
0.348000,0.237900,0.365700,0.336800,0.617300,0.984300,1.120000,1.106200,1.148200,1.411600,0.533195,-0.503091,-0.018630,1.000000
0.314600,0.158600,0.257600,0.207100,0.422000,0.951600,1.200600,1.450300,1.304100,1.392000,0.750091,-0.698343,0.053079,1.000000
0.308700,0.161200,0.256200,0.212300,0.439700,0.935800,1.167200,1.312000,1.262900,1.341500,0.721446,-0.673256,0.019069,1.000000
0.311900,0.217600,0.305400,0.273900,0.506600,1.153400,1.361200,1.536800,1.463400,1.514500,0.697465,-0.668440,0.024465,1.000000
0.311900,0.217600,0.305400,0.273900,0.506600,1.153400,1.361200,1.536800,1.463400,1.514500,0.697465,-0.668440,0.024465,1.000000
0.336200,0.183500,0.287700,0.253000,0.505300,1.137700,1.419500,1.565600,1.542000,1.371600,0.721764,-0.689527,0.007594,1.000000
0.332300,0.180200,0.275900,0.272600,0.523000,1.164600,1.433900,1.611500,1.552500,1.324500,0.710631,-0.707640,0.018647,1.000000
0.295600,0.207100,0.327700,0.315900,0.582600,0.992200,1.175700,1.390700,1.253700,1.152800,0.629790,-0.618599,0.051808,1.000000
0.290300,0.202500,0.325100,0.285700,0.556400,1.182900,1.417500,1.587300,1.509300,1.384100,0.694928,-0.660008,0.025189,1.000000
0.261500,0.280500,0.417500,0.403000,0.662600,1.153400,1.340800,1.411600,1.416200,1.280600,0.555825,-0.543491,-0.001627,1.000000
0.245800,0.265400,0.415500,0.370900,0.658600,1.154700,1.340200,1.421500,1.430600,1.297600,0.586141,-0.547632,-0.003191,1.000000
0.244400,0.175600,0.281800,0.243800,0.528900,0.842800,0.969300,0.771300,0.937200,1.190100,0.519653,-0.464818,-0.097103,1.000000
0.260200,0.160600,0.265400,0.217600,0.497400,0.831600,0.952900,0.822500,0.920100,1.204500,0.581579,-0.512088,-0.056008,1.000000
0.248400,0.186800,0.271300,0.230700,0.494800,1.006000,1.197300,1.327100,1.361800,1.300200,0.703813,-0.660536,-0.012905,1.000000
0.315900,0.187400,0.331000,0.269300,0.488900,1.100300,1.298900,1.251700,1.359900,1.509900,0.645891,-0.581727,-0.041431,1.000000
0.302100,0.184200,0.282500,0.235300,0.458700,1.114100,1.332300,1.399200,1.411600,1.502100,0.712083,-0.664030,-0.004412,1.000000
0.302100,0.184200,0.282500,0.235300,0.458700,1.114100,1.332300,1.399200,1.411600,1.502100,0.712083,-0.664030,-0.004412,1.000000
0.302100,0.184200,0.282500,0.235300,0.458700,1.114100,1.332300,1.399200,1.411600,1.502100,0.712083,-0.664030,-0.004412,1.000000
0.294900,0.169700,0.287700,0.194600,0.451500,1.012500,1.162600,1.285800,1.201900,1.341500,0.737098,-0.634318,0.033726,1.000000
0.302800,0.156000,0.275200,0.213000,0.403700,0.897200,1.117400,1.215700,1.181600,1.311400,0.701827,-0.630827,0.014224,1.000000
0.314600,0.158600,0.257600,0.207100,0.422000,0.951600,1.200600,1.450300,1.304100,1.392000,0.750091,-0.698343,0.053079,1.000000
0.260200,0.160600,0.265400,0.217600,0.497400,0.831600,0.952900,0.822500,0.920100,1.204500,0.581579,-0.512088,-0.056008,1.000000
0.260200,0.160600,0.265400,0.217600,0.497400,0.831600,0.952900,0.822500,0.920100,1.204500,0.581579,-0.512088,-0.056008,1.000000
0.260200,0.160600,0.265400,0.217600,0.497400,0.831600,0.952900,0.822500,0.920100,1.204500,0.581579,-0.512088,-0.056008,1.000000
0.256200,0.192000,0.338200,0.287700,0.635700,0.905700,1.030900,0.985000,1.000100,1.272000,0.547890,-0.488815,-0.007607,1.000000
0.259500,0.184800,0.330300,0.277200,0.622600,0.932600,1.055800,1.031500,1.064900,1.261500,0.576374,-0.514907,-0.015932,1.000000
0.256200,0.192000,0.338200,0.287700,0.635700,0.905700,1.030900,0.985000,1.000100,1.272000,0.547890,-0.488815,-0.007607,1.000000
0.438400,0.243800,0.338800,0.307400,0.574100,1.186200,1.401800,1.585900,1.477200,1.587900,0.675276,-0.647945,0.035487,1.000000
0.409600,0.229400,0.328300,0.296900,0.541300,1.137700,1.360500,1.523000,1.431900,1.500800,0.673718,-0.645330,0.030830,1.000000
0.477100,0.228100,0.320500,0.305400,0.593700,1.082000,1.315300,1.506600,1.407000,1.488300,0.662914,-0.649171,0.034185,1.000000
0.477100,0.228100,0.320500,0.305400,0.593700,1.082000,1.315300,1.506600,1.407000,1.488300,0.662914,-0.649171,0.034185,1.000000
0.289700,0.313900,0.441700,0.426600,0.549800,0.792300,0.962100,0.884100,0.993500,1.046600,0.349050,-0.333685,-0.058266,1.000000
0.335500,0.243100,0.349300,0.324400,0.571500,1.145600,1.406400,1.504700,1.452300,1.430600,0.645290,-0.623193,0.017721,1.000000
0.335500,0.243100,0.349300,0.324400,0.571500,1.145600,1.406400,1.504700,1.452300,1.430600,0.645290,-0.623193,0.017721,1.000000
0.335500,0.243100,0.349300,0.324400,0.571500,1.145600,1.406400,1.504700,1.452300,1.430600,0.645290,-0.623193,0.017721,1.000000
0.566900,0.171700,0.353900,0.232600,0.673000,1.128500,1.241200,1.023700,1.265500,1.601000,0.629706,-0.486208,-0.105626,1.000000
0.480400,0.188700,0.314600,0.254300,0.511800,1.053100,1.222200,1.363800,1.276000,1.477800,0.685681,-0.625119,0.033260,1.000000
0.381400,0.237200,0.329600,0.325700,0.601600,1.094400,1.237300,1.431900,1.303500,1.426700,0.629381,-0.625774,0.046940,1.000000
0.409600,0.205800,0.340100,0.289700,0.537400,1.118000,1.351300,1.466700,1.472600,1.512500,0.670121,-0.623533,-0.002007,1.000000
0.352600,0.298800,0.481000,0.426000,0.686800,1.190800,1.313300,1.471300,1.418800,1.441800,0.550941,-0.507248,0.018165,1.000000
0.352600,0.298800,0.481000,0.426000,0.686800,1.190800,1.313300,1.471300,1.418800,1.441800,0.550941,-0.507248,0.018165,1.000000
0.352600,0.298800,0.481000,0.426000,0.686800,1.190800,1.313300,1.471300,1.418800,1.441800,0.550941,-0.507248,0.018165,1.000000
0.375500,0.248400,0.381400,0.349300,0.568200,1.030900,1.179000,1.281200,1.219600,1.395200,0.571542,-0.541201,0.024632,1.000000
0.388000,0.246400,0.386700,0.340800,0.560300,1.042700,1.189500,1.250400,1.238000,1.401800,0.571644,-0.527579,0.004983,1.000000
0.348600,0.258900,0.371600,0.346000,0.561600,0.999400,1.162600,1.286500,1.244500,1.374300,0.576110,-0.551776,0.016594,1.000000
0.303400,0.255600,0.393200,0.341400,0.584600,1.012500,1.160000,1.246500,1.244500,1.310000,0.569998,-0.520400,8.028904E-4,1.000000
0.350600,0.191400,0.336800,0.278500,0.642200,1.174400,1.308100,1.285800,1.327100,1.542700,0.643930,-0.584864,-0.015806,1.000000
0.350600,0.191400,0.336800,0.278500,0.642200,1.174400,1.308100,1.285800,1.327100,1.542700,0.643930,-0.584864,-0.015806,1.000000
0.311900,0.217600,0.305400,0.273900,0.506600,1.153400,1.361200,1.536800,1.463400,1.514500,0.697465,-0.668440,0.024465,1.000000
0.311900,0.217600,0.305400,0.273900,0.506600,1.153400,1.361200,1.536800,1.463400,1.514500,0.697465,-0.668440,0.024465,1.000000
0.302800,0.189400,0.303400,0.272000,0.582000,1.182300,1.356600,1.498100,1.463400,1.262900,0.692673,-0.663170,0.011717,1.000000
0.262100,0.161900,0.271300,0.211700,0.448900,0.985000,1.183600,1.418200,1.340800,1.313300,0.740230,-0.678840,0.028054,1.000000
0.269300,0.166500,0.292900,0.215600,0.465300,0.918100,1.066300,1.075400,1.105600,1.264200,0.665995,-0.571878,-0.013847,1.000000
0.253000,0.176300,0.304100,0.240500,0.483000,0.914900,1.080000,1.038700,1.156000,1.251100,0.623984,-0.547066,-0.053447,1.000000
0.244400,0.152700,0.245800,0.215600,0.507200,1.085300,1.295000,1.497500,1.434600,1.340200,0.748293,-0.718006,0.021452,1.000000
0.315900,0.187400,0.331000,0.269300,0.488900,1.100300,1.298900,1.251700,1.359900,1.509900,0.645891,-0.581727,-0.041431,1.000000
0.315900,0.187400,0.331000,0.269300,0.488900,1.100300,1.298900,1.251700,1.359900,1.509900,0.645891,-0.581727,-0.041431,1.000000
0.315900,0.187400,0.331000,0.269300,0.488900,1.100300,1.298900,1.251700,1.359900,1.509900,0.645891,-0.581727,-0.041431,1.000000
0.289000,0.152700,0.254300,0.192700,0.426000,1.019100,1.227500,1.542700,1.334300,1.382800,0.777919,-0.716973,0.072437,1.000000
0.304700,0.166500,0.284400,0.197900,0.441100,1.020400,1.207800,1.411600,1.271400,1.397900,0.754085,-0.664623,0.052255,1.000000
0.304700,0.166500,0.284400,0.197900,0.441100,1.020400,1.207800,1.411600,1.271400,1.397900,0.754085,-0.664623,0.052255,1.000000
0.310600,0.157300,0.241200,0.203200,0.386000,0.956200,1.155400,1.347400,1.227500,1.366400,0.737908,-0.696336,0.046565,1.000000
0.276600,0.161200,0.275900,0.206400,0.477800,0.842800,0.962100,0.914900,0.940400,1.224800,0.631856,-0.536614,-0.013744,1.000000
0.302800,0.156000,0.275200,0.213000,0.403700,0.897200,1.117400,1.215700,1.181600,1.311400,0.701827,-0.630827,0.014224,1.000000
0.310600,0.157300,0.241200,0.203200,0.386000,0.956200,1.155400,1.347400,1.227500,1.366400,0.737908,-0.696336,0.046565,1.000000
0.279800,0.270000,0.397100,0.374200,0.681600,1.133100,1.308100,1.354600,1.350700,1.315300,0.567099,-0.546612,0.001442,1.000000
0.279800,0.270000,0.397100,0.374200,0.681600,1.133100,1.308100,1.354600,1.350700,1.315300,0.567099,-0.546612,0.001442,1.000000
0.409600,0.229400,0.328300,0.296900,0.541300,1.137700,1.360500,1.523000,1.431900,1.500800,0.673718,-0.645330,0.030830,1.000000
0.409600,0.229400,0.328300,0.296900,0.541300,1.137700,1.360500,1.523000,1.431900,1.500800,0.673718,-0.645330,0.030830,1.000000
0.477100,0.228100,0.320500,0.305400,0.593700,1.082000,1.315300,1.506600,1.407000,1.488300,0.662914,-0.649171,0.034185,1.000000
0.367000,0.218200,0.321800,0.285700,0.553800,1.150800,1.434600,1.498100,1.494200,1.492200,0.679673,-0.646354,0.001303,1.000000
0.367000,0.218200,0.321800,0.285700,0.553800,1.150800,1.434600,1.498100,1.494200,1.492200,0.679673,-0.646354,0.001303,1.000000
0.501300,0.200500,0.347300,0.277900,0.513800,1.001400,1.182300,1.272000,1.211100,1.500100,0.641396,-0.571049,0.024526,1.000000
0.501300,0.200500,0.347300,0.277900,0.513800,1.001400,1.182300,1.272000,1.211100,1.500100,0.641396,-0.571049,0.024526,1.000000
0.501300,0.200500,0.347300,0.277900,0.513800,1.001400,1.182300,1.272000,1.211100,1.500100,0.641396,-0.571049,0.024526,1.000000
0.381400,0.237200,0.329600,0.325700,0.601600,1.094400,1.237300,1.431900,1.303500,1.426700,0.629381,-0.625774,0.046940,1.000000
0.422700,0.201800,0.262800,0.262100,0.572800,1.145600,1.289700,1.576100,1.385400,1.457500,0.714830,-0.714177,0.064393,1.000000
0.409600,0.205800,0.340100,0.289700,0.537400,1.118000,1.351300,1.466700,1.472600,1.512500,0.670121,-0.623533,-0.002007,1.000000
0.249700,0.215600,0.374200,0.345400,0.724200,1.033500,1.082600,1.148800,1.122000,1.336300,0.537679,-0.508601,0.011802,1.000000
0.276600,0.226800,0.400400,0.351300,0.622600,0.915500,1.043300,0.992900,1.027600,1.333600,0.477310,-0.425249,-0.017174,1.000000
0.272000,0.249700,0.401700,0.351900,0.635700,1.052500,1.194000,1.274700,1.271400,1.238600,0.567318,-0.520759,0.001296,1.000000
0.268700,0.254900,0.392600,0.342100,0.620000,1.032200,1.164600,1.279900,1.255000,1.245200,0.578175,-0.530523,0.009823,1.000000
0.512500,0.254300,0.385300,0.338200,0.628500,1.029600,1.175000,1.234700,1.226800,1.580700,0.569966,-0.524321,0.003209,1.000000
0.512500,0.254300,0.385300,0.338200,0.628500,1.029600,1.175000,1.234700,1.226800,1.580700,0.569966,-0.524321,0.003209,1.000000
0.313300,0.252300,0.367000,0.341400,0.631800,1.010500,1.091800,1.096400,1.153400,1.330400,0.525108,-0.498428,-0.025336,1.000000
0.234000,0.218200,0.331600,0.303400,0.576700,1.116100,1.300900,1.418800,1.420800,1.301500,0.647660,-0.621115,-0.000704,1.000000
0.258200,0.144200,0.218900,0.178900,0.439700,1.158700,1.429300,1.648200,1.550600,1.410300,0.804171,-0.765519,0.030511,1.000000
0.258200,0.144200,0.218900,0.178900,0.439700,1.158700,1.429300,1.648200,1.550600,1.410300,0.804171,-0.765519,0.030511,1.000000
0.234000,0.218200,0.331600,0.303400,0.576700,1.116100,1.300900,1.418800,1.420800,1.301500,0.647660,-0.621115,-0.000704,1.000000
0.239200,0.207700,0.312600,0.263500,0.538000,0.952200,1.103000,0.996800,1.188100,1.237300,0.581846,-0.522529,-0.087556,1.000000
0.239200,0.207700,0.312600,0.263500,0.538000,0.952200,1.103000,0.996800,1.188100,1.237300,0.581846,-0.522529,-0.087556,1.000000
0.239200,0.207700,0.312600,0.263500,0.538000,0.952200,1.103000,0.996800,1.188100,1.237300,0.581846,-0.522529,-0.087556,1.000000
0.244400,0.152700,0.245800,0.215600,0.507200,1.085300,1.295000,1.497500,1.434600,1.340200,0.748293,-0.718006,0.021452,1.000000
0.235300,0.199200,0.317200,0.286400,0.572800,1.052500,1.215700,1.251700,1.350700,1.277900,0.627593,-0.595640,-0.038042,1.000000
0.297500,0.161900,0.285100,0.224800,0.448300,1.091200,1.328400,1.315900,1.401100,1.473900,0.708185,-0.643848,-0.031358,1.000000
0.313300,0.177600,0.297500,0.239900,0.456800,1.054500,1.292400,1.280600,1.366400,1.481100,0.684446,-0.622964,-0.032414,1.000000
0.319200,0.146100,0.232000,0.191400,0.407600,1.015800,1.192100,1.457500,1.272000,1.422100,0.767845,-0.725363,0.067961,1.000000
0.310600,0.157300,0.241200,0.203200,0.386000,0.956200,1.155400,1.347400,1.227500,1.366400,0.737908,-0.696336,0.046565,1.000000
0.310600,0.157300,0.241200,0.203200,0.386000,0.956200,1.155400,1.347400,1.227500,1.366400,0.737908,-0.696336,0.046565,1.000000
0.319200,0.146100,0.232000,0.191400,0.407600,1.015800,1.192100,1.457500,1.272000,1.422100,0.767845,-0.725363,0.067961,1.000000
0.279800,0.270000,0.397100,0.374200,0.681600,1.133100,1.308100,1.354600,1.350700,1.315300,0.567099,-0.546612,0.001442,1.000000
0.258200,0.272600,0.400400,0.377500,0.705800,1.104900,1.247800,1.268800,1.296300,1.232700,0.541396,-0.520249,-0.010721,1.000000
0.258200,0.272600,0.400400,0.377500,0.705800,1.104900,1.247800,1.268800,1.296300,1.232700,0.541396,-0.520249,-0.010721,1.000000
0.409600,0.229400,0.328300,0.296900,0.541300,1.137700,1.360500,1.523000,1.431900,1.500800,0.673718,-0.645330,0.030830,1.000000
0.381400,0.226800,0.355200,0.316500,0.534100,1.082600,1.302800,1.437800,1.369000,1.403800,0.639172,-0.603793,0.024512,1.000000
0.477100,0.228100,0.320500,0.305400,0.593700,1.082000,1.315300,1.506600,1.407000,1.488300,0.662914,-0.649171,0.034185,1.000000
0.444300,0.195900,0.308700,0.267400,0.540000,1.108200,1.385400,1.481700,1.500800,1.574800,0.694243,-0.655161,-0.006404,1.000000
0.444300,0.195900,0.308700,0.267400,0.540000,1.108200,1.385400,1.481700,1.500800,1.574800,0.694243,-0.655161,-0.006404,1.000000
0.444300,0.195900,0.308700,0.267400,0.540000,1.108200,1.385400,1.481700,1.500800,1.574800,0.694243,-0.655161,-0.006404,1.000000
0.444300,0.195900,0.308700,0.267400,0.540000,1.108200,1.385400,1.481700,1.500800,1.574800,0.694243,-0.655161,-0.006404,1.000000
0.444300,0.195900,0.308700,0.267400,0.540000,1.108200,1.385400,1.481700,1.500800,1.574800,0.694243,-0.655161,-0.006404,1.000000
0.501300,0.200500,0.347300,0.277900,0.513800,1.001400,1.182300,1.272000,1.211100,1.500100,0.641396,-0.571049,0.024526,1.000000
0.422700,0.201800,0.262800,0.262100,0.572800,1.145600,1.289700,1.576100,1.385400,1.457500,0.714830,-0.714177,0.064393,1.000000
0.422700,0.201800,0.262800,0.262100,0.572800,1.145600,1.289700,1.576100,1.385400,1.457500,0.714830,-0.714177,0.064393,1.000000
0.422700,0.201800,0.262800,0.262100,0.572800,1.145600,1.289700,1.576100,1.385400,1.457500,0.714830,-0.714177,0.064393,1.000000
0.334900,0.226100,0.355900,0.329000,0.607500,1.142300,1.370300,1.414200,1.423400,1.443100,0.622533,-0.597876,-0.003242,1.000000
0.336200,0.183500,0.287700,0.253000,0.505300,1.137700,1.419500,1.565600,1.542000,1.371600,0.721764,-0.689527,0.007594,1.000000
0.306700,0.219500,0.328300,0.297500,0.558400,1.179600,1.391300,1.422100,1.495500,1.317900,0.653989,-0.624886,-0.025158,1.000000
0.306700,0.219500,0.328300,0.297500,0.558400,1.179600,1.391300,1.422100,1.495500,1.317900,0.653989,-0.624886,-0.025158,1.000000
0.239200,0.207700,0.312600,0.263500,0.538000,0.952200,1.103000,0.996800,1.188100,1.237300,0.581846,-0.522529,-0.087556,1.000000
0.269300,0.137000,0.203800,0.155300,0.418100,1.142300,1.411000,1.620700,1.519100,1.446400,0.825113,-0.776596,0.032359,1.000000
0.269300,0.137000,0.203800,0.155300,0.418100,1.142300,1.411000,1.620700,1.519100,1.446400,0.825113,-0.776596,0.032359,1.000000
0.269300,0.137000,0.203800,0.155300,0.418100,1.142300,1.411000,1.620700,1.519100,1.446400,0.825113,-0.776596,0.032359,1.000000
0.272000,0.137000,0.222200,0.180200,0.429900,1.028900,1.253000,1.656100,1.404400,1.373000,0.803736,-0.763403,0.082241,1.000000
0.272000,0.137000,0.222200,0.180200,0.429900,1.028900,1.253000,1.656100,1.404400,1.373000,0.803736,-0.763403,0.082241,1.000000
0.313300,0.177600,0.297500,0.239900,0.456800,1.054500,1.292400,1.280600,1.366400,1.481100,0.684446,-0.622964,-0.032414,1.000000
0.313300,0.177600,0.297500,0.239900,0.456800,1.054500,1.292400,1.280600,1.366400,1.481100,0.684446,-0.622964,-0.032414,1.000000
0.294900,0.150100,0.277200,0.206400,0.427300,0.869000,1.076700,1.110200,1.135100,1.260900,0.686465,-0.600404,-0.011090,1.000000
0.294900,0.150100,0.277200,0.206400,0.427300,0.869000,1.076700,1.110200,1.135100,1.260900,0.686465,-0.600404,-0.011090,1.000000
0.251000,0.246400,0.388000,0.353900,0.658000,1.074800,1.203200,1.306100,1.309400,1.172400,0.573615,-0.541940,-0.001262,1.000000
0.251000,0.246400,0.388000,0.353900,0.658000,1.074800,1.203200,1.306100,1.309400,1.172400,0.573615,-0.541940,-0.001262,1.000000
0.272000,0.249700,0.401700,0.351900,0.635700,1.052500,1.194000,1.274700,1.271400,1.238600,0.567318,-0.520759,0.001296,1.000000
0.381400,0.226800,0.355200,0.316500,0.534100,1.082600,1.302800,1.437800,1.369000,1.403800,0.639172,-0.603793,0.024512,1.000000
0.381400,0.226800,0.355200,0.316500,0.534100,1.082600,1.302800,1.437800,1.369000,1.403800,0.639172,-0.603793,0.024512,1.000000
0.381400,0.226800,0.355200,0.316500,0.534100,1.082600,1.302800,1.437800,1.369000,1.403800,0.639172,-0.603793,0.024512,1.000000
0.409600,0.244400,0.351300,0.331000,0.557000,1.043300,1.264200,1.456800,1.332300,1.390000,0.629713,-0.611415,0.044638,1.000000
0.437800,0.266700,0.380800,0.369600,0.578700,1.018400,1.218300,1.333000,1.266100,1.378200,0.565841,-0.555607,0.025740,1.000000
0.525600,0.281100,0.435800,0.416100,0.801500,1.259600,1.470600,1.473900,1.546600,1.700600,0.559683,-0.543593,-0.024069,1.000000
0.486300,0.253600,0.350000,0.321800,0.711100,1.203900,1.464700,1.536100,1.572800,1.663300,0.653587,-0.628864,-0.011805,1.000000
0.445000,0.225400,0.372200,0.315900,0.515800,1.011900,1.180900,1.314000,1.217600,1.448300,0.612369,-0.558534,0.038079,1.000000
0.445000,0.225400,0.372200,0.315900,0.515800,1.011900,1.180900,1.314000,1.217600,1.448300,0.612369,-0.558534,0.038079,1.000000
0.445000,0.225400,0.372200,0.315900,0.515800,1.011900,1.180900,1.314000,1.217600,1.448300,0.612369,-0.558534,0.038079,1.000000
0.480400,0.188700,0.314600,0.254300,0.511800,1.053100,1.222200,1.363800,1.276000,1.477800,0.685681,-0.625119,0.033260,1.000000
0.535400,0.171000,0.321100,0.230700,0.549200,1.084600,1.213700,1.208500,1.234000,1.574200,0.679405,-0.580152,-0.010440,1.000000
0.304700,0.252300,0.384700,0.353900,0.643600,1.141000,1.350000,1.378900,1.388700,1.386700,0.591528,-0.563733,-0.003541,1.000000
0.304700,0.252300,0.384700,0.353900,0.643600,1.141000,1.350000,1.378900,1.388700,1.386700,0.591528,-0.563733,-0.003541,1.000000
0.283800,0.226800,0.369600,0.334900,0.612800,0.920100,1.058400,1.038700,1.037400,1.323200,0.512376,-0.475112,6.261741E-4,1.000000
0.313300,0.252300,0.367000,0.341400,0.631800,1.010500,1.091800,1.096400,1.153400,1.330400,0.525108,-0.498428,-0.025336,1.000000
0.317800,0.243100,0.333600,0.313300,0.613400,1.038700,1.135700,1.300900,1.231400,1.373600,0.611820,-0.591802,0.027445,1.000000
0.335500,0.211000,0.368300,0.310600,0.568800,1.118000,1.270700,1.290400,1.328400,1.537500,0.611993,-0.555917,-0.014510,1.000000
0.335500,0.211000,0.368300,0.310600,0.568800,1.118000,1.270700,1.290400,1.328400,1.537500,0.611993,-0.555917,-0.014510,1.000000
0.277200,0.240500,0.380800,0.341400,0.644200,1.160000,1.291000,1.339500,1.379500,1.203900,0.593789,-0.557287,-0.014711,1.000000
0.289000,0.165100,0.228700,0.189400,0.443700,1.149500,1.394600,1.603000,1.497500,1.484400,0.788663,-0.750287,0.034027,1.000000
0.289000,0.165100,0.228700,0.189400,0.443700,1.149500,1.394600,1.603000,1.497500,1.484400,0.788663,-0.750287,0.034027,1.000000
0.289000,0.165100,0.228700,0.189400,0.443700,1.149500,1.394600,1.603000,1.497500,1.484400,0.788663,-0.750287,0.034027,1.000000
0.257600,0.150100,0.222200,0.187400,0.457400,1.050500,1.274000,1.605000,1.431900,1.361200,0.790895,-0.756786,0.056999,1.000000
0.272000,0.137000,0.222200,0.180200,0.429900,1.028900,1.253000,1.656100,1.404400,1.373000,0.803736,-0.763403,0.082241,1.000000
0.257600,0.150100,0.222200,0.187400,0.457400,1.050500,1.274000,1.605000,1.431900,1.361200,0.790895,-0.756786,0.056999,1.000000
0.257600,0.150100,0.222200,0.187400,0.457400,1.050500,1.274000,1.605000,1.431900,1.361200,0.790895,-0.756786,0.056999,1.000000
0.331000,0.184200,0.315900,0.251700,0.527600,1.104900,1.294300,1.245800,1.337600,1.515800,0.663840,-0.595441,-0.035535,1.000000
0.278500,0.164500,0.282500,0.201200,0.443000,0.994200,1.169100,1.375600,1.267400,1.324500,0.744800,-0.659249,0.040938,1.000000
0.269300,0.166500,0.292900,0.215600,0.465300,0.918100,1.066300,1.075400,1.105600,1.264200,0.665995,-0.571878,-0.013847,1.000000
0.269300,0.166500,0.292900,0.215600,0.465300,0.918100,1.066300,1.075400,1.105600,1.264200,0.665995,-0.571878,-0.013847,1.000000
0.269300,0.166500,0.292900,0.215600,0.465300,0.918100,1.066300,1.075400,1.105600,1.264200,0.665995,-0.571878,-0.013847,1.000000
0.294900,0.150100,0.277200,0.206400,0.427300,0.869000,1.076700,1.110200,1.135100,1.260900,0.686465,-0.600404,-0.011090,1.000000
0.308000,0.264100,0.371600,0.359800,0.598300,1.121300,1.337600,1.457500,1.384100,1.354000,0.604028,-0.593680,0.025831,1.000000
0.608800,0.289700,0.472500,0.469200,0.924700,1.342800,1.541400,1.562400,1.650200,1.690100,0.538098,-0.535604,-0.027330,1.000000
0.525600,0.281100,0.435800,0.416100,0.801500,1.259600,1.470600,1.473900,1.546600,1.700600,0.559683,-0.543593,-0.024069,1.000000
0.427900,0.215600,0.348000,0.303400,0.526200,1.038700,1.201300,1.372300,1.250400,1.433900,0.637883,-0.595419,0.046479,1.000000
0.427900,0.215600,0.348000,0.303400,0.526200,1.038700,1.201300,1.372300,1.250400,1.433900,0.637883,-0.595419,0.046479,1.000000
0.535400,0.171000,0.321100,0.230700,0.549200,1.084600,1.213700,1.208500,1.234000,1.574200,0.679405,-0.580152,-0.010440,1.000000
0.535400,0.171000,0.321100,0.230700,0.549200,1.084600,1.213700,1.208500,1.234000,1.574200,0.679405,-0.580152,-0.010440,1.000000
0.535400,0.171000,0.321100,0.230700,0.549200,1.084600,1.213700,1.208500,1.234000,1.574200,0.679405,-0.580152,-0.010440,1.000000
0.292300,0.288400,0.498700,0.460700,0.786400,1.160000,1.251100,1.291700,1.287800,1.395900,0.474207,-0.442918,0.001512,1.000000
0.386000,0.256900,0.363700,0.354500,0.631800,1.177000,1.311400,1.564300,1.420100,1.450900,0.630498,-0.622718,0.048318,1.000000
0.352600,0.265400,0.416800,0.396500,0.664500,1.120600,1.250400,1.367700,1.319200,1.425400,0.550505,-0.532866,0.018051,1.000000
0.269300,0.227400,0.376200,0.334200,0.633100,0.924700,1.035500,0.958100,1.045300,1.342800,0.482783,-0.436109,-0.043526,1.000000
0.269300,0.227400,0.376200,0.334200,0.633100,0.924700,1.035500,0.958100,1.045300,1.342800,0.482783,-0.436109,-0.043526,1.000000
0.269300,0.227400,0.376200,0.334200,0.633100,0.924700,1.035500,0.958100,1.045300,1.342800,0.482783,-0.436109,-0.043526,1.000000
0.259500,0.184800,0.330300,0.277200,0.622600,0.932600,1.055800,1.031500,1.064900,1.261500,0.576374,-0.514907,-0.015932,1.000000
0.283800,0.226800,0.369600,0.334900,0.612800,0.920100,1.058400,1.038700,1.037400,1.323200,0.512376,-0.475112,6.261741E-4,1.000000
0.259500,0.184800,0.330300,0.277200,0.622600,0.932600,1.055800,1.031500,1.064900,1.261500,0.576374,-0.514907,-0.015932,1.000000
0.290300,0.228100,0.352600,0.319200,0.595700,0.948900,1.082600,1.084600,1.097700,1.314000,0.545234,-0.509324,-0.006003,1.000000
0.348600,0.258900,0.371600,0.346000,0.561600,0.999400,1.162600,1.286500,1.244500,1.374300,0.576110,-0.551776,0.016594,1.000000
0.339500,0.264800,0.388000,0.350600,0.573400,1.027600,1.161900,1.158000,1.218300,1.357200,0.535198,-0.498060,-0.025376,1.000000
0.321100,0.178300,0.243800,0.218900,0.411600,0.990200,1.213700,1.503400,1.324500,1.445700,0.745805,-0.720925,0.063262,1.000000
0.295600,0.207100,0.327700,0.315900,0.582600,0.992200,1.175700,1.390700,1.253700,1.152800,0.629790,-0.618599,0.051808,1.000000
0.295600,0.207100,0.327700,0.315900,0.582600,0.992200,1.175700,1.390700,1.253700,1.152800,0.629790,-0.618599,0.051808,1.000000
0.302800,0.189400,0.303400,0.272000,0.582000,1.182300,1.356600,1.498100,1.463400,1.262900,0.692673,-0.663170,0.011717,1.000000
0.290300,0.202500,0.325100,0.285700,0.556400,1.182900,1.417500,1.587300,1.509300,1.384100,0.694928,-0.660008,0.025189,1.000000
0.266100,0.236600,0.367000,0.325100,0.601000,1.170500,1.384100,1.528900,1.473200,1.344100,0.649299,-0.612849,0.018554,1.000000
0.266100,0.236600,0.367000,0.325100,0.601000,1.170500,1.384100,1.528900,1.473200,1.344100,0.649299,-0.612849,0.018554,1.000000
0.244400,0.175600,0.281800,0.243800,0.528900,0.842800,0.969300,0.771300,0.937200,1.190100,0.519653,-0.464818,-0.097103,1.000000
0.248400,0.186800,0.271300,0.230700,0.494800,1.006000,1.197300,1.327100,1.361800,1.300200,0.703813,-0.660536,-0.012905,1.000000
0.319200,0.146100,0.232000,0.191400,0.407600,1.015800,1.192100,1.457500,1.272000,1.422100,0.767845,-0.725363,0.067961,1.000000
0.319200,0.146100,0.232000,0.191400,0.407600,1.015800,1.192100,1.457500,1.272000,1.422100,0.767845,-0.725363,0.067961,1.000000
0.327700,0.154700,0.253600,0.194600,0.492800,1.047900,1.221600,1.471900,1.304800,1.475800,0.766457,-0.706056,0.060179,1.000000
0.294900,0.150100,0.277200,0.206400,0.427300,0.869000,1.076700,1.110200,1.135100,1.260900,0.686465,-0.600404,-0.011090,1.000000
0.308700,0.161200,0.256200,0.212300,0.439700,0.935800,1.167200,1.312000,1.262900,1.341500,0.721446,-0.673256,0.019069,1.000000
0.294900,0.150100,0.277200,0.206400,0.427300,0.869000,1.076700,1.110200,1.135100,1.260900,0.686465,-0.600404,-0.011090,1.000000
0.256200,0.192000,0.338200,0.287700,0.635700,0.905700,1.030900,0.985000,1.000100,1.272000,0.547890,-0.488815,-0.007607,1.000000
0.239200,0.206400,0.361100,0.308700,0.692000,0.975200,1.070200,1.028900,1.066900,1.210400,0.538427,-0.480432,-0.018132,1.000000
0.253000,0.217600,0.372900,0.321800,0.633700,0.898500,1.015100,0.984300,0.997400,1.283800,0.507235,-0.450486,-0.006610,1.000000
0.381400,0.239900,0.328300,0.304100,0.545900,1.154700,1.408300,1.577400,1.468600,1.498800,0.676747,-0.655455,0.035719,1.000000
0.353200,0.247700,0.350600,0.336200,0.549800,1.120000,1.347400,1.508600,1.405100,1.416900,0.635516,-0.622849,0.035522,1.000000
0.353200,0.247700,0.350600,0.336200,0.549800,1.120000,1.347400,1.508600,1.405100,1.416900,0.635516,-0.622849,0.035522,1.000000
0.381400,0.239900,0.328300,0.304100,0.545900,1.154700,1.408300,1.577400,1.468600,1.498800,0.676747,-0.655455,0.035719,1.000000
0.351300,0.240500,0.397800,0.348600,0.542000,1.008600,1.207200,1.327700,1.265500,1.300900,0.584084,-0.538916,0.023986,1.000000
0.608800,0.289700,0.472500,0.469200,0.924700,1.342800,1.541400,1.562400,1.650200,1.690100,0.538098,-0.535604,-0.027330,1.000000
0.608800,0.289700,0.472500,0.469200,0.924700,1.342800,1.541400,1.562400,1.650200,1.690100,0.538098,-0.535604,-0.027330,1.000000
0.563600,0.277200,0.382100,0.374200,0.775300,1.241200,1.426700,1.489000,1.486300,1.579400,0.598326,-0.591577,9.074715E-4,1.000000
0.413500,0.231300,0.336200,0.291000,0.574100,1.180300,1.447700,1.539400,1.518400,1.566300,0.682037,-0.641501,0.006868,1.000000
0.486900,0.203800,0.340800,0.290300,0.555700,1.102300,1.335600,1.483700,1.421500,1.603600,0.672717,-0.626418,0.021410,1.000000
0.486900,0.203800,0.340800,0.290300,0.555700,1.102300,1.335600,1.483700,1.421500,1.603600,0.672717,-0.626418,0.021410,1.000000
0.486900,0.203800,0.340800,0.290300,0.555700,1.102300,1.335600,1.483700,1.421500,1.603600,0.672717,-0.626418,0.021410,1.000000
0.427900,0.215600,0.348000,0.303400,0.526200,1.038700,1.201300,1.372300,1.250400,1.433900,0.637883,-0.595419,0.046479,1.000000
0.480400,0.188700,0.314600,0.254300,0.511800,1.053100,1.222200,1.363800,1.276000,1.477800,0.685681,-0.625119,0.033260,1.000000
0.480400,0.188700,0.314600,0.254300,0.511800,1.053100,1.222200,1.363800,1.276000,1.477800,0.685681,-0.625119,0.033260,1.000000
0.427900,0.215600,0.348000,0.303400,0.526200,1.038700,1.201300,1.372300,1.250400,1.433900,0.637883,-0.595419,0.046479,1.000000
0.496800,0.178900,0.303400,0.252300,0.504600,1.076700,1.241200,1.422800,1.294300,1.553200,0.698764,-0.648476,0.047293,1.000000
0.496800,0.178900,0.303400,0.252300,0.504600,1.076700,1.241200,1.422800,1.294300,1.553200,0.698764,-0.648476,0.047293,1.000000
0.496800,0.178900,0.303400,0.252300,0.504600,1.076700,1.241200,1.422800,1.294300,1.553200,0.698764,-0.648476,0.047293,1.000000
0.496800,0.178900,0.303400,0.252300,0.504600,1.076700,1.241200,1.422800,1.294300,1.553200,0.698764,-0.648476,0.047293,1.000000
0.496800,0.178900,0.303400,0.252300,0.504600,1.076700,1.241200,1.422800,1.294300,1.553200,0.698764,-0.648476,0.047293,1.000000
0.292300,0.288400,0.498700,0.460700,0.786400,1.160000,1.251100,1.291700,1.287800,1.395900,0.474207,-0.442918,0.001512,1.000000
0.352600,0.265400,0.416800,0.396500,0.664500,1.120600,1.250400,1.367700,1.319200,1.425400,0.550505,-0.532866,0.018051,1.000000
0.262100,0.218200,0.377500,0.313300,0.608200,0.970600,1.086600,1.142900,1.156000,1.253700,0.569702,-0.503420,-0.005698,1.000000
0.259500,0.184800,0.330300,0.277200,0.622600,0.932600,1.055800,1.031500,1.064900,1.261500,0.576374,-0.514907,-0.015932,1.000000
0.397800,0.262800,0.389900,0.349300,0.562900,0.999400,1.167200,1.287100,1.242500,1.438500,0.573087,-0.535003,0.017631,1.000000
0.397800,0.262800,0.389900,0.349300,0.562900,0.999400,1.167200,1.287100,1.242500,1.438500,0.573087,-0.535003,0.017631,1.000000
0.302100,0.182800,0.271300,0.238500,0.469900,0.948300,1.104900,1.256300,1.189500,1.297600,0.680894,-0.644802,0.027312,1.000000
0.302100,0.182800,0.271300,0.238500,0.469900,0.948300,1.104900,1.256300,1.189500,1.297600,0.680894,-0.644802,0.027312,1.000000
0.298800,0.167100,0.263500,0.248400,0.587800,1.116100,1.283800,1.673800,1.380800,1.207200,0.741546,-0.727972,0.095921,1.000000
0.311300,0.221500,0.321800,0.293600,0.536700,1.158700,1.405100,1.476500,1.504700,1.371600,0.668267,-0.642106,-0.009459,1.000000
0.311300,0.221500,0.321800,0.293600,0.536700,1.158700,1.405100,1.476500,1.504700,1.371600,0.668267,-0.642106,-0.009459,1.000000
0.302100,0.176300,0.260200,0.218900,0.507200,1.187500,1.416900,1.577400,1.528300,1.482400,0.756277,-0.716805,0.015810,1.000000
0.278500,0.147500,0.216300,0.176300,0.456800,1.175700,1.433900,1.662600,1.549900,1.450900,0.808255,-0.769759,0.035082,1.000000
0.302100,0.176300,0.260200,0.218900,0.507200,1.187500,1.416900,1.577400,1.528300,1.482400,0.756277,-0.716805,0.015810,1.000000
0.278500,0.147500,0.216300,0.176300,0.456800,1.175700,1.433900,1.662600,1.549900,1.450900,0.808255,-0.769759,0.035082,1.000000
0.269300,0.137000,0.203800,0.155300,0.418100,1.142300,1.411000,1.620700,1.519100,1.446400,0.825113,-0.776596,0.032359,1.000000
0.283100,0.145500,0.231300,0.176900,0.431900,1.116100,1.365100,1.466000,1.450300,1.464700,0.784649,-0.727450,0.005384,1.000000
0.262100,0.161900,0.271300,0.211700,0.448900,0.985000,1.183600,1.418200,1.340800,1.313300,0.740230,-0.678840,0.028054,1.000000
0.262100,0.161900,0.271300,0.211700,0.448900,0.985000,1.183600,1.418200,1.340800,1.313300,0.740230,-0.678840,0.028054,1.000000
0.262100,0.161900,0.271300,0.211700,0.448900,0.985000,1.183600,1.418200,1.340800,1.313300,0.740230,-0.678840,0.028054,1.000000
0.262100,0.161900,0.271300,0.211700,0.448900,0.985000,1.183600,1.418200,1.340800,1.313300,0.740230,-0.678840,0.028054,1.000000
0.262100,0.161900,0.271300,0.211700,0.448900,0.985000,1.183600,1.418200,1.340800,1.313300,0.740230,-0.678840,0.028054,1.000000
0.276600,0.161200,0.275900,0.206400,0.477800,0.842800,0.962100,0.914900,0.940400,1.224800,0.631856,-0.536614,-0.013744,1.000000
0.276600,0.161200,0.275900,0.206400,0.477800,0.842800,0.962100,0.914900,0.940400,1.224800,0.631856,-0.536614,-0.013744,1.000000
0.294900,0.150100,0.277200,0.206400,0.427300,0.869000,1.076700,1.110200,1.135100,1.260900,0.686465,-0.600404,-0.011090,1.000000
0.287700,0.165100,0.282500,0.226100,0.462700,0.875500,1.023000,1.064300,1.078100,1.217600,0.649566,-0.580487,-0.006441,1.000000
0.262100,0.218200,0.377500,0.313300,0.608200,0.970600,1.086600,1.142900,1.156000,1.253700,0.569702,-0.503420,-0.005698,1.000000
0.253000,0.217600,0.372900,0.321800,0.633700,0.898500,1.015100,0.984300,0.997400,1.283800,0.507235,-0.450486,-0.006610,1.000000
0.326400,0.258200,0.380100,0.358500,0.560300,1.069500,1.265500,1.371600,1.321800,1.324500,0.585573,-0.566022,0.018490,1.000000
0.353200,0.247700,0.350600,0.336200,0.549800,1.120000,1.347400,1.508600,1.405100,1.416900,0.635516,-0.622849,0.035522,1.000000
0.326400,0.258200,0.380100,0.358500,0.560300,1.069500,1.265500,1.371600,1.321800,1.324500,0.585573,-0.566022,0.018490,1.000000
0.353200,0.247700,0.350600,0.336200,0.549800,1.120000,1.347400,1.508600,1.405100,1.416900,0.635516,-0.622849,0.035522,1.000000
0.608800,0.289700,0.472500,0.469200,0.924700,1.342800,1.541400,1.562400,1.650200,1.690100,0.538098,-0.535604,-0.027330,1.000000
0.326400,0.289000,0.489500,0.438400,0.724800,1.140300,1.257000,1.312000,1.319200,1.420800,0.499086,-0.456564,-0.002736,0.000000
0.278500,0.319200,0.568200,0.534800,0.836200,1.158700,1.240600,1.310000,1.260900,1.386100,0.420208,-0.394953,0.019098,0.000000
0.321800,0.270700,0.459400,0.420100,0.688800,1.049900,1.180300,1.182900,1.207200,1.402400,0.475858,-0.440541,-0.010167,0.000000
0.253000,0.217600,0.372900,0.321800,0.633700,0.898500,1.015100,0.984300,0.997400,1.283800,0.507235,-0.450486,-0.006610,0.000000
0.253000,0.217600,0.372900,0.321800,0.633700,0.898500,1.015100,0.984300,0.997400,1.283800,0.507235,-0.450486,-0.006610,0.000000
0.262100,0.218200,0.377500,0.313300,0.608200,0.970600,1.086600,1.142900,1.156000,1.253700,0.569702,-0.503420,-0.005698,0.000000
0.262100,0.218200,0.377500,0.313300,0.608200,0.970600,1.086600,1.142900,1.156000,1.253700,0.569702,-0.503420,-0.005698,0.000000
0.285700,0.249000,0.364400,0.338200,0.585900,1.174400,1.391300,1.436500,1.475200,1.327100,0.618865,-0.595313,-0.013291,0.000000
0.218200,0.349300,0.553100,0.517100,0.855200,1.136400,1.190100,1.220300,1.276000,1.113400,0.404743,-0.376226,-0.022313,0.000000
0.218200,0.349300,0.553100,0.517100,0.855200,1.136400,1.190100,1.220300,1.276000,1.113400,0.404743,-0.376226,-0.022313,0.000000
0.218200,0.349300,0.553100,0.517100,0.855200,1.136400,1.190100,1.220300,1.276000,1.113400,0.404743,-0.376226,-0.022313,0.000000
0.218200,0.349300,0.553100,0.517100,0.855200,1.136400,1.190100,1.220300,1.276000,1.113400,0.404743,-0.376226,-0.022313,0.000000
0.237900,0.331600,0.502700,0.505300,0.787700,1.089200,1.238600,1.309400,1.289700,1.159300,0.443104,-0.445174,0.007580,0.000000
0.237900,0.331600,0.502700,0.505300,0.787700,1.089200,1.238600,1.309400,1.289700,1.159300,0.443104,-0.445174,0.007580,0.000000
0.203200,0.326400,0.549800,0.519700,0.875500,1.118700,1.200600,1.215700,1.257600,0.997400,0.401060,-0.377174,-0.016941,0.000000
0.203200,0.326400,0.549800,0.519700,0.875500,1.118700,1.200600,1.215700,1.257600,0.997400,0.401060,-0.377174,-0.016941,0.000000
0.203200,0.326400,0.549800,0.519700,0.875500,1.118700,1.200600,1.215700,1.257600,0.997400,0.401060,-0.377174,-0.016941,0.000000
0.199200,0.338200,0.518400,0.504600,0.855900,1.073500,1.152100,1.243200,1.191400,0.938500,0.422588,-0.411444,0.021277,0.000000
0.209700,0.280500,0.450200,0.402400,0.715000,0.943700,0.992900,1.095700,1.000700,1.036100,0.462786,-0.417556,0.045316,0.000000
0.209700,0.280500,0.450200,0.402400,0.715000,0.943700,0.992900,1.095700,1.000700,1.036100,0.462786,-0.417556,0.045316,0.000000
0.244400,0.175600,0.281800,0.243800,0.528900,0.842800,0.969300,0.771300,0.937200,1.190100,0.519653,-0.464818,-0.097103,0.000000
0.243100,0.306700,0.469900,0.454200,0.708400,0.971900,1.079400,1.192700,1.156700,1.052500,0.448418,-0.434741,0.015323,0.000000
0.226800,0.316500,0.463300,0.434500,0.669100,0.883400,0.926700,1.043300,0.960700,1.040700,0.411964,-0.384973,0.041218,0.000000
0.226800,0.316500,0.463300,0.434500,0.669100,0.883400,0.926700,1.043300,0.960700,1.040700,0.411964,-0.384973,0.041218,0.000000
0.226800,0.316500,0.463300,0.434500,0.669100,0.883400,0.926700,1.043300,0.960700,1.040700,0.411964,-0.384973,0.041218,0.000000
0.216300,0.423400,0.612800,0.662600,0.943700,1.089800,1.146900,1.266800,1.220900,0.945000,0.313154,-0.347946,0.018451,0.000000
0.231300,0.380800,0.624500,0.614100,0.998100,1.184900,1.266100,1.384100,1.353300,0.909600,0.385347,-0.378174,0.011252,0.000000
0.229400,0.357200,0.609500,0.605500,0.931300,1.190100,1.281200,1.318600,1.386700,1.008600,0.370615,-0.367771,-0.025173,0.000000
0.229400,0.357200,0.609500,0.605500,0.931300,1.190100,1.281200,1.318600,1.386700,1.008600,0.370615,-0.367771,-0.025173,0.000000
0.229400,0.357200,0.609500,0.605500,0.931300,1.190100,1.281200,1.318600,1.386700,1.008600,0.370615,-0.367771,-0.025173,0.000000
0.188100,0.165100,0.305400,0.254300,0.582600,0.791000,0.760900,0.612100,0.667800,0.749100,0.412973,-0.334278,-0.043519,0.000000
0.226100,0.386000,0.636300,0.633700,0.872900,1.158000,1.216300,1.375600,1.303500,1.076700,0.369233,-0.367464,0.026912,0.000000
0.223500,0.379400,0.642900,0.629800,0.935800,1.151400,1.256300,1.561000,1.399200,0.974500,0.425050,-0.416580,0.054658,0.000000
0.223500,0.379400,0.642900,0.629800,0.935800,1.151400,1.256300,1.561000,1.399200,0.974500,0.425050,-0.416580,0.054658,0.000000
0.223500,0.379400,0.642900,0.629800,0.935800,1.151400,1.256300,1.561000,1.399200,0.974500,0.425050,-0.416580,0.054658,0.000000
0.237200,0.266100,0.429900,0.400400,0.715000,0.981100,1.074100,1.112800,1.137700,1.230100,0.470790,-0.442665,-0.011064,0.000000
0.247100,0.237200,0.397800,0.331600,0.635000,0.926700,1.010500,1.078700,1.060400,1.300200,0.529745,-0.461158,0.008555,0.000000
0.237200,0.266100,0.429900,0.400400,0.715000,0.981100,1.074100,1.112800,1.137700,1.230100,0.470790,-0.442665,-0.011064,0.000000
0.241200,0.415500,0.686800,0.699300,1.101600,1.406400,1.518400,1.609500,1.647500,1.156000,0.394231,-0.401820,-0.011667,0.000000
0.241200,0.415500,0.686800,0.699300,1.101600,1.406400,1.518400,1.609500,1.647500,1.156000,0.394231,-0.401820,-0.011667,0.000000
0.237200,0.302800,0.475100,0.459400,1.023000,1.374300,1.448300,1.436500,1.528300,1.206500,0.515375,-0.502930,-0.030963,0.000000
0.226100,0.382700,0.665200,0.667800,1.044000,1.420800,1.479800,1.651500,1.527000,1.130500,0.424137,-0.425735,0.039169,0.000000
0.226100,0.382700,0.665200,0.667800,1.044000,1.420800,1.479800,1.651500,1.527000,1.130500,0.424137,-0.425735,0.039169,0.000000
0.215600,0.344100,0.614700,0.587200,0.972500,1.299600,1.386700,1.540100,1.428700,1.101600,0.447939,-0.429460,0.037524,0.000000
0.215600,0.344100,0.614700,0.587200,0.972500,1.299600,1.386700,1.540100,1.428700,1.101600,0.447939,-0.429460,0.037524,0.000000
0.218900,0.254300,0.411600,0.378100,0.684200,0.964000,1.069500,1.121300,1.123300,1.052500,0.495665,-0.462979,-0.000891,0.000000
0.218900,0.243800,0.404400,0.355900,0.580600,0.816600,0.891900,1.028200,0.939800,0.981100,0.485731,-0.435432,0.044919,0.000000
0.170400,0.146800,0.284400,0.264100,0.519000,0.635700,0.696000,0.614100,0.653400,0.791000,0.398542,-0.366945,-0.031006,0.000000
0.185500,0.150700,0.289000,0.262100,0.624500,0.773300,0.842100,0.700600,0.862400,0.834300,0.455490,-0.415926,-0.103519,0.000000
0.250300,0.256900,0.407000,0.357200,0.561000,0.806100,0.899800,1.025600,0.944400,1.028200,0.483367,-0.431802,0.041218,0.000000
0.238500,0.270700,0.419400,0.388000,0.603600,0.908300,1.008600,1.163200,1.066300,1.075400,0.499742,-0.469986,0.043463,0.000000
0.238500,0.270700,0.419400,0.388000,0.603600,0.908300,1.008600,1.163200,1.066300,1.075400,0.499742,-0.469986,0.043463,0.000000
0.260200,0.275200,0.404400,0.379400,0.616700,1.003300,1.136400,1.175700,1.190100,1.171800,0.512057,-0.488134,-0.006087,0.000000
0.375500,0.277900,0.401700,0.380800,0.576700,0.965300,1.154100,1.247800,1.199300,1.282500,0.532359,-0.512943,0.019819,0.000000
0.720200,0.860500,1.179000,1.375600,1.624600,1.875000,1.959500,2.021100,2.023100,1.861800,0.190037,-0.263148,-0.000495,0.000000
0.287000,0.265400,0.378800,0.352600,0.524900,0.726800,0.861800,0.967300,0.869000,0.989600,0.465717,-0.437189,0.053532,0.000000
0.566900,0.171700,0.353900,0.232600,0.673000,1.128500,1.241200,1.023700,1.265500,1.601000,0.629706,-0.486208,-0.105626,0.000000
0.269300,0.292900,0.493500,0.446900,0.828400,1.163200,1.248400,1.296900,1.275300,1.352000,0.487441,-0.448727,0.008397,0.000000
0.260800,0.332900,0.576700,0.529500,0.877500,1.183600,1.258900,1.330400,1.276000,1.348700,0.430615,-0.395207,0.020872,0.000000
0.293600,0.304700,0.460700,0.426000,0.677000,0.988900,1.111500,1.143600,1.121300,1.376900,0.457187,-0.425669,0.009846,0.000000
0.243800,0.322400,0.501300,0.486900,0.869000,1.172400,1.239300,1.286500,1.339500,1.284500,0.450885,-0.439199,-0.020183,0.000000
0.375500,0.248400,0.381400,0.349300,0.568200,1.030900,1.179000,1.281200,1.219600,1.395200,0.571542,-0.541201,0.024632,0.000000
0.375500,0.248400,0.381400,0.349300,0.568200,1.030900,1.179000,1.281200,1.219600,1.395200,0.571542,-0.541201,0.024632,0.000000
0.375500,0.248400,0.381400,0.349300,0.568200,1.030900,1.179000,1.281200,1.219600,1.395200,0.571542,-0.541201,0.024632,0.000000
0.375500,0.248400,0.381400,0.349300,0.568200,1.030900,1.179000,1.281200,1.219600,1.395200,0.571542,-0.541201,0.024632,0.000000
0.348000,0.237900,0.365700,0.336800,0.617300,0.984300,1.120000,1.106200,1.148200,1.411600,0.533195,-0.503091,-0.018630,0.000000
0.397100,0.290300,0.414800,0.370300,0.583300,0.975200,1.152100,1.241200,1.236000,1.462700,0.540428,-0.499034,0.002099,0.000000
0.452200,0.289700,0.404400,0.361800,0.623900,1.009200,1.155400,1.221600,1.236600,1.545300,0.543009,-0.502583,-0.006102,0.000000
0.311300,0.254300,0.384700,0.358500,0.629800,0.994800,1.085300,1.075400,1.133800,1.319200,0.499965,-0.473050,-0.026435,0.000000
0.346700,0.252300,0.362400,0.315900,0.655400,1.009900,1.122600,1.017800,1.135700,1.429300,0.526280,-0.474859,-0.054748,0.000000
0.309300,0.268000,0.402400,0.370900,0.621300,0.996800,1.112800,1.166500,1.165200,1.313300,0.517497,-0.487029,5.575331E-4,0.000000
0.309300,0.268000,0.402400,0.370900,0.621300,0.996800,1.112800,1.166500,1.165200,1.313300,0.517497,-0.487029,5.575331E-4,0.000000
0.323100,0.251700,0.379400,0.334900,0.523000,1.113400,1.291000,1.369000,1.373000,1.530200,0.606902,-0.566003,-0.001459,0.000000
0.323100,0.251700,0.379400,0.334900,0.523000,1.113400,1.291000,1.369000,1.373000,1.530200,0.606902,-0.566003,-0.001459,0.000000
0.270700,0.268000,0.376200,0.365000,0.591800,0.914900,1.062300,1.176400,1.127200,1.082600,0.526405,-0.515394,0.021358,0.000000
0.270700,0.268000,0.376200,0.365000,0.591800,0.914900,1.062300,1.176400,1.127200,1.082600,0.526405,-0.515394,0.021358,0.000000
0.285700,0.249000,0.364400,0.338200,0.585900,1.174400,1.391300,1.436500,1.475200,1.327100,0.618865,-0.595313,-0.013291,0.000000
0.211000,0.362400,0.560300,0.536700,0.884100,1.129800,1.154100,1.247800,1.241900,1.051800,0.398487,-0.380233,0.002370,0.000000
0.214300,0.329600,0.519000,0.551800,0.733300,0.872900,0.933200,1.122600,0.937800,0.965300,0.340898,-0.367690,0.089691,0.000000
0.214300,0.329600,0.519000,0.551800,0.733300,0.872900,0.933200,1.122600,0.937800,0.965300,0.340898,-0.367690,0.089691,0.000000
0.216300,0.351900,0.560300,0.565600,0.813300,1.018400,1.070800,1.232700,1.115400,1.039400,0.370961,-0.375014,0.049955,0.000000
0.201800,0.319800,0.504600,0.496800,0.736000,0.867000,0.922100,1.050500,0.950300,0.861800,0.357849,-0.351039,0.050080,0.000000
0.198600,0.331000,0.489500,0.490900,0.686800,0.791000,0.854600,0.950900,0.872900,0.806700,0.319046,-0.320328,0.042768,0.000000
0.194600,0.412200,0.612100,0.620000,0.774600,0.932600,0.974500,1.251700,1.000100,0.821800,0.337501,-0.343170,0.111733,0.000000
0.208400,0.376200,0.570200,0.559700,0.882100,1.154700,1.212400,1.262900,1.297600,1.058400,0.385822,-0.377884,-0.013552,0.000000
0.208400,0.376200,0.570200,0.559700,0.882100,1.154700,1.212400,1.262900,1.297600,1.058400,0.385822,-0.377884,-0.013552,0.000000
0.203200,0.326400,0.549800,0.519700,0.875500,1.118700,1.200600,1.215700,1.257600,0.997400,0.401060,-0.377174,-0.016941,0.000000
0.214300,0.281800,0.455500,0.413500,0.703200,0.972500,1.015800,1.097700,0.996800,1.090500,0.452753,-0.413469,0.048174,0.000000
0.214300,0.281800,0.455500,0.413500,0.703200,0.972500,1.015800,1.097700,0.996800,1.090500,0.452753,-0.413469,0.048174,0.000000
0.252300,0.180900,0.286400,0.220900,0.536700,0.793600,0.893900,0.751000,0.838800,1.149500,0.545427,-0.447850,-0.055227,0.000000
0.252300,0.180900,0.286400,0.220900,0.536700,0.793600,0.893900,0.751000,0.838800,1.149500,0.545427,-0.447850,-0.055227,0.000000
0.287700,0.165100,0.282500,0.226100,0.462700,0.875500,1.023000,1.064300,1.078100,1.217600,0.649566,-0.580487,-0.006441,0.000000
0.287700,0.165100,0.282500,0.226100,0.462700,0.875500,1.023000,1.064300,1.078100,1.217600,0.649566,-0.580487,-0.006441,0.000000
0.253000,0.211700,0.362400,0.313300,0.604200,0.819200,0.918100,0.832300,0.948900,1.089200,0.453038,-0.393321,-0.065461,0.000000
0.205100,0.264800,0.445000,0.416100,0.734600,0.912200,0.934500,0.914200,0.912200,0.860500,0.374427,-0.345203,0.001095,0.000000
0.210400,0.313300,0.476400,0.469200,0.843400,1.017800,1.051800,1.012500,1.073500,0.907000,0.366673,-0.360064,-0.029243,0.000000
0.229400,0.469900,0.648100,0.690700,1.006000,1.218300,1.315900,1.415600,1.403100,0.965300,0.344158,-0.371905,0.004435,0.000000
0.228100,0.342100,0.568200,0.561600,0.834300,1.114100,1.209100,1.348700,1.292400,1.070200,0.412030,-0.407168,0.021317,0.000000
0.228100,0.342100,0.568200,0.561600,0.834300,1.114100,1.209100,1.348700,1.292400,1.070200,0.412030,-0.407168,0.021317,0.000000
0.258900,0.315900,0.494100,0.439700,0.659900,1.041400,1.144200,1.304800,1.242500,1.154700,0.495901,-0.450664,0.024457,0.000000
0.228100,0.376800,0.608200,0.611400,0.921400,1.199900,1.256300,1.378900,1.329700,1.001400,0.385620,-0.387852,0.018164,0.000000
0.228100,0.437100,0.725500,0.717000,0.954800,1.201300,1.274700,1.504700,1.338900,0.998800,0.354548,-0.349386,0.058306,0.000000
0.209700,0.312600,0.519700,0.470500,0.838200,1.047900,1.143600,1.293700,1.259600,0.938500,0.466614,-0.426823,0.013355,0.000000
0.209700,0.312600,0.519700,0.470500,0.838200,1.047900,1.143600,1.293700,1.259600,0.938500,0.466614,-0.426823,0.013355,0.000000
0.226800,0.380100,0.645500,0.640900,0.928600,1.163900,1.253700,1.388700,1.369700,1.078100,0.368447,-0.365352,0.006888,0.000000
0.228100,0.370300,0.599600,0.606900,0.974500,1.180900,1.294300,1.395200,1.418200,1.076700,0.393737,-0.398837,-0.008175,0.000000
0.237200,0.278500,0.441700,0.401700,0.736000,1.004700,1.096400,1.172400,1.184200,1.236000,0.489613,-0.452698,-0.005007,0.000000
0.239900,0.464000,0.737900,0.753700,1.127900,1.422100,1.540100,1.660000,1.665200,1.104300,0.375482,-0.384545,-0.001564,0.000000
0.230700,0.460700,0.696600,0.690700,1.038700,1.245800,1.384800,1.626600,1.456200,1.045900,0.403875,-0.400310,0.055274,0.000000
0.245100,0.315200,0.556400,0.530200,0.915500,1.230700,1.299600,1.329000,1.354000,1.300200,0.429647,-0.409780,-0.009318,0.000000
0.245100,0.315200,0.556400,0.530200,0.915500,1.230700,1.299600,1.329000,1.354000,1.300200,0.429647,-0.409780,-0.009318,0.000000
0.209100,0.281100,0.506600,0.445000,0.884700,1.156000,1.275300,1.306800,1.319900,1.073500,0.491951,-0.441271,-0.004987,0.000000
0.251700,0.306700,0.529500,0.485000,0.866400,1.186200,1.274000,1.382800,1.312700,1.294300,0.480672,-0.446217,0.026006,0.000000
0.251700,0.306700,0.529500,0.485000,0.866400,1.186200,1.274000,1.382800,1.312700,1.294300,0.480672,-0.446217,0.026006,0.000000
0.251700,0.306700,0.529500,0.485000,0.866400,1.186200,1.274000,1.382800,1.312700,1.294300,0.480672,-0.446217,0.026006,0.000000
0.173000,0.139600,0.235300,0.184800,0.519000,0.661900,0.721500,0.540000,0.684200,0.804100,0.490066,-0.393009,-0.117791,0.000000
0.233300,0.348000,0.550500,0.547200,0.975800,1.209100,1.286500,1.327700,1.382100,0.937200,0.416289,-0.413800,-0.020075,0.000000
0.232600,0.384000,0.612100,0.604200,0.966600,1.190100,1.265500,1.405100,1.331700,0.928600,0.398597,-0.393119,0.026820,0.000000
0.232600,0.384000,0.612100,0.604200,0.966600,1.190100,1.265500,1.405100,1.331700,0.928600,0.398597,-0.393119,0.026820,0.000000
0.185500,0.150700,0.289000,0.262100,0.624500,0.773300,0.842100,0.700600,0.862400,0.834300,0.455490,-0.415926,-0.103519,0.000000
0.184200,0.141600,0.249000,0.206400,0.504600,0.646200,0.699300,0.553800,0.673700,0.817200,0.456985,-0.379671,-0.097678,0.000000
0.293600,0.266700,0.419400,0.380800,0.570200,0.831600,0.957500,1.017800,0.994800,1.095100,0.455455,-0.416365,0.011428,0.000000
0.342700,0.256900,0.391900,0.363100,0.578000,0.876900,1.025600,1.072200,1.055100,1.177700,0.494043,-0.464654,0.008038,0.000000
0.274600,0.275900,0.425300,0.377500,0.570800,0.898500,1.025000,1.161300,1.078700,1.125900,0.509358,-0.463885,0.036875,0.000000
0.205100,0.264800,0.445000,0.416100,0.734600,0.912200,0.934500,0.914200,0.912200,0.860500,0.374427,-0.345203,0.001095,0.000000
0.201800,0.251700,0.428600,0.397800,0.728700,0.907700,0.942400,0.857200,0.939100,0.883400,0.366056,-0.333333,-0.045594,0.000000
0.289700,0.313900,0.441700,0.426600,0.549800,0.792300,0.962100,0.884100,0.993500,1.046600,0.349050,-0.333685,-0.058266,0.000000
0.382100,0.456800,0.598300,0.574700,0.745800,1.014500,1.058400,0.952200,1.057100,1.293000,0.247233,-0.228249,-0.052207,0.000000
0.625200,1.104300,1.378900,1.570200,1.681000,1.825100,1.896600,2.059100,1.928700,1.863200,0.134709,-0.197848,0.032700,0.000000
0.625200,1.104300,1.378900,1.570200,1.681000,1.825100,1.896600,2.059100,1.928700,1.863200,0.134709,-0.197848,0.032700,0.000000
0.600300,0.411600,0.593100,0.587200,1.057700,1.438500,1.514500,1.379500,1.498800,1.770800,0.402858,-0.398662,-0.041448,0.000000
0.381400,0.237200,0.329600,0.325700,0.601600,1.094400,1.237300,1.431900,1.303500,1.426700,0.629381,-0.625774,0.046940,0.000000
0.260800,0.332900,0.576700,0.529500,0.877500,1.183600,1.258900,1.330400,1.276000,1.348700,0.430615,-0.395207,0.020872,0.000000
0.281100,0.317800,0.479700,0.445600,0.720200,1.014500,1.122600,1.172400,1.136400,1.380200,0.449197,-0.419285,0.015593,0.000000
0.239200,0.355900,0.585900,0.585200,0.922100,1.175000,1.276000,1.379500,1.418800,1.190100,0.404286,-0.403786,-0.014044,0.000000
0.241200,0.405000,0.648100,0.667800,0.973900,1.196000,1.310700,1.551200,1.489000,1.161900,0.398107,-0.410631,0.020459,0.000000
0.276600,0.226800,0.400400,0.351300,0.622600,0.915500,1.043300,0.992900,1.027600,1.333600,0.477310,-0.425249,-0.017174,0.000000
0.303400,0.255600,0.393200,0.341400,0.584600,1.012500,1.160000,1.246500,1.244500,1.310000,0.569998,-0.520400,8.028904E-4,0.000000
0.349300,0.264100,0.391200,0.353900,0.566200,0.969900,1.149500,1.278600,1.231400,1.384800,0.566432,-0.531441,0.018805,0.000000
0.389300,0.232000,0.409600,0.334200,0.707800,1.064900,1.194000,1.074800,1.207800,1.519100,0.525621,-0.448127,-0.058267,0.000000
0.309300,0.268000,0.402400,0.370900,0.621300,0.996800,1.112800,1.166500,1.165200,1.313300,0.517497,-0.487029,5.575331E-4,0.000000
0.247700,0.264100,0.407600,0.395200,0.604200,0.836200,0.931300,0.951600,0.972500,1.015100,0.413127,-0.400235,-0.010862,0.000000
0.247700,0.264100,0.407600,0.395200,0.604200,0.836200,0.931300,0.951600,0.972500,1.015100,0.413127,-0.400235,-0.010862,0.000000
0.211000,0.362400,0.560300,0.536700,0.884100,1.129800,1.154100,1.247800,1.241900,1.051800,0.398487,-0.380233,0.002370,0.000000
0.205100,0.350000,0.570800,0.550500,0.772700,0.926700,0.954200,1.202600,0.990900,0.919500,0.371970,-0.356265,0.096512,0.000000
0.205800,0.355900,0.549800,0.541300,0.881400,1.097100,1.143600,1.267400,1.217600,0.990200,0.401449,-0.394893,0.020040,0.000000
0.214300,0.329600,0.519000,0.551800,0.733300,0.872900,0.933200,1.122600,0.937800,0.965300,0.340898,-0.367690,0.089691,0.000000
0.197900,0.399800,0.578700,0.594400,0.821800,0.992200,1.079400,1.296300,1.116100,0.874200,0.371238,-0.382720,0.074697,0.000000
0.197900,0.399800,0.578700,0.594400,0.821800,0.992200,1.079400,1.296300,1.116100,0.874200,0.371238,-0.382720,0.074697,0.000000
0.194600,0.412200,0.612100,0.620000,0.774600,0.932600,0.974500,1.251700,1.000100,0.821800,0.337501,-0.343170,0.111733,0.000000
0.217600,0.298800,0.464600,0.411600,0.710400,1.085300,1.167200,1.171100,1.239300,1.175700,0.479876,-0.431925,-0.028294,0.000000
0.225400,0.236600,0.358500,0.326400,0.630400,0.875500,0.949600,0.912200,0.891900,1.115400,0.472953,-0.435744,0.011252,0.000000
0.245800,0.219500,0.355200,0.293600,0.582600,0.804100,0.886700,0.806100,0.867000,1.101000,0.466036,-0.388272,-0.036400,0.000000
0.245800,0.219500,0.355200,0.293600,0.582600,0.804100,0.886700,0.806100,0.867000,1.101000,0.466036,-0.388272,-0.036400,0.000000
0.245800,0.219500,0.355200,0.293600,0.582600,0.804100,0.886700,0.806100,0.867000,1.101000,0.466036,-0.388272,-0.036400,0.000000
0.280500,0.195900,0.314600,0.268700,0.505300,0.897800,0.985000,1.056400,1.040700,1.184200,0.594446,-0.541065,0.007487,0.000000
0.222800,0.376800,0.591800,0.583300,0.869000,1.041400,1.101000,1.225500,1.191400,0.990200,0.355042,-0.348704,0.014109,0.000000
0.210400,0.319200,0.495400,0.468600,0.779200,0.933900,0.981700,1.044000,0.977100,0.842800,0.380405,-0.356373,0.033101,0.000000
0.210400,0.319200,0.495400,0.468600,0.779200,0.933900,0.981700,1.044000,0.977100,0.842800,0.380405,-0.356373,0.033101,0.000000
0.215000,0.365000,0.547200,0.547200,0.894600,1.053100,1.110800,1.182300,1.142300,0.891900,0.367216,-0.367216,0.017207,0.000000
0.228100,0.392600,0.633100,0.622600,1.017100,1.181600,1.277300,1.340200,1.344800,0.917500,0.365600,-0.358334,-0.001713,0.000000
0.228100,0.392600,0.633100,0.622600,1.017100,1.181600,1.277300,1.340200,1.344800,0.917500,0.365600,-0.358334,-0.001713,0.000000
0.229400,0.469900,0.648100,0.690700,1.006000,1.218300,1.315900,1.415600,1.403100,0.965300,0.344158,-0.371905,0.004435,0.000000
0.230000,0.334900,0.507900,0.517700,0.787700,1.118000,1.229400,1.328400,1.357900,1.067600,0.439142,-0.446822,-0.010982,0.000000
0.258900,0.315900,0.494100,0.439700,0.659900,1.041400,1.144200,1.304800,1.242500,1.154700,0.495901,-0.450664,0.024457,0.000000
0.240500,0.186800,0.351900,0.297500,0.680900,0.985000,1.085900,1.061000,1.111500,1.200600,0.562017,-0.501876,-0.023245,0.000000
0.240500,0.186800,0.351900,0.297500,0.680900,0.985000,1.085900,1.061000,1.111500,1.200600,0.562017,-0.501876,-0.023245,0.000000
0.239200,0.206400,0.361100,0.308700,0.692000,0.975200,1.070200,1.028900,1.066900,1.210400,0.538427,-0.480432,-0.018132,0.000000
0.230700,0.418800,0.722200,0.718900,1.095700,1.445000,1.517100,1.713700,1.599700,1.093100,0.408945,-0.407036,0.034406,0.000000
0.220200,0.401100,0.703200,0.683500,1.038100,1.395900,1.455500,1.687500,1.509900,1.065600,0.423450,-0.411720,0.055545,0.000000
0.220200,0.401100,0.703200,0.683500,1.038100,1.395900,1.455500,1.687500,1.509900,1.065600,0.423450,-0.411720,0.055545,0.000000
0.220200,0.401100,0.703200,0.683500,1.038100,1.395900,1.455500,1.687500,1.509900,1.065600,0.423450,-0.411720,0.055545,0.000000
0.237200,0.278500,0.441700,0.401700,0.736000,1.004700,1.096400,1.172400,1.184200,1.236000,0.489613,-0.452698,-0.005007,0.000000
0.241800,0.344700,0.569500,0.558400,1.029600,1.329000,1.430000,1.482400,1.566900,1.204500,0.452764,-0.444905,-0.027711,0.000000
0.241800,0.344700,0.569500,0.558400,1.029600,1.329000,1.430000,1.482400,1.566900,1.204500,0.452764,-0.444905,-0.027711,0.000000
0.241800,0.344700,0.569500,0.558400,1.029600,1.329000,1.430000,1.482400,1.566900,1.204500,0.452764,-0.444905,-0.027711,0.000000
0.241800,0.344700,0.569500,0.558400,1.029600,1.329000,1.430000,1.482400,1.566900,1.204500,0.452764,-0.444905,-0.027711,0.000000
0.245100,0.315200,0.556400,0.530200,0.915500,1.230700,1.299600,1.329000,1.354000,1.300200,0.429647,-0.409780,-0.009318,0.000000
0.246400,0.340800,0.622600,0.580000,0.928000,1.250400,1.323200,1.396600,1.354000,1.302800,0.413134,-0.383320,0.015488,0.000000
0.225400,0.369600,0.627800,0.608200,0.955500,1.284500,1.367700,1.581400,1.412900,1.172400,0.444465,-0.431649,0.056274,0.000000
0.225400,0.369600,0.627800,0.608200,0.955500,1.284500,1.367700,1.581400,1.412900,1.172400,0.444465,-0.431649,0.056274,0.000000
0.279800,0.270000,0.397100,0.374200,0.681600,1.133100,1.308100,1.354600,1.350700,1.315300,0.567099,-0.546612,0.001442,0.000000
0.178300,0.200500,0.390600,0.336200,0.606200,0.767400,0.840200,0.883400,0.825100,0.851300,0.448672,-0.386813,0.034124,0.000000
0.178300,0.200500,0.390600,0.336200,0.606200,0.767400,0.840200,0.883400,0.825100,0.851300,0.448672,-0.386813,0.034124,0.000000
0.233300,0.348000,0.550500,0.547200,0.975800,1.209100,1.286500,1.327700,1.382100,0.937200,0.416289,-0.413800,-0.020075,0.000000
0.195300,0.150100,0.288400,0.245800,0.658600,0.858500,0.877500,0.672400,0.865100,0.815300,0.464605,-0.399667,-0.125333,0.000000
0.177600,0.116700,0.244400,0.200500,0.551100,0.686200,0.724800,0.490200,0.677000,0.773300,0.419430,-0.334604,-0.160041,0.000000
0.177600,0.116700,0.244400,0.200500,0.551100,0.686200,0.724800,0.490200,0.677000,0.773300,0.419430,-0.334604,-0.160041,0.000000
0.177600,0.116700,0.244400,0.200500,0.551100,0.686200,0.724800,0.490200,0.677000,0.773300,0.419430,-0.334604,-0.160041,0.000000
0.190700,0.191400,0.304700,0.272000,0.455500,0.573400,0.600300,0.671700,0.574700,0.792300,0.423546,-0.375871,0.077824,0.000000
0.321800,0.272600,0.433200,0.385300,0.568200,0.923400,1.087200,1.135700,1.135100,1.196700,0.493360,-0.447766,2.6422407E-4,0.000000
0.293600,0.266700,0.419400,0.380800,0.570200,0.831600,0.957500,1.017800,0.994800,1.095100,0.455455,-0.416365,0.011428,0.000000
0.342700,0.256900,0.391900,0.363100,0.578000,0.876900,1.025600,1.072200,1.055100,1.177700,0.494043,-0.464654,0.008038,0.000000
0.299500,0.270000,0.407000,0.367000,0.565600,0.993500,1.156000,1.226200,1.211100,1.226200,0.539292,-0.501592,0.006195,0.000000
0.299500,0.270000,0.407000,0.367000,0.565600,0.993500,1.156000,1.226200,1.211100,1.226200,0.539292,-0.501592,0.006195,0.000000
0.199900,0.273900,0.426600,0.381400,0.746400,0.936500,1.004700,1.019700,1.047900,0.949600,0.455571,-0.410081,-0.013639,0.000000
0.199900,0.273900,0.426600,0.381400,0.746400,0.936500,1.004700,1.019700,1.047900,0.949600,0.455571,-0.410081,-0.013639,0.000000
0.220200,0.205100,0.312600,0.301500,0.447600,0.574100,0.587200,0.606200,0.593100,0.831600,0.335684,-0.319547,0.010923,0.000000
0.382100,0.456800,0.598300,0.574700,0.745800,1.014500,1.058400,0.952200,1.057100,1.293000,0.247233,-0.228249,-0.052207,0.000000
0.566200,0.325100,0.456800,0.451500,0.909000,1.340200,1.474500,1.392000,1.488300,1.735400,0.510171,-0.505842,-0.033434,0.000000
0.566200,0.325100,0.456800,0.451500,0.909000,1.340200,1.474500,1.392000,1.488300,1.735400,0.510171,-0.505842,-0.033434,0.000000
0.278500,0.319200,0.568200,0.534800,0.836200,1.158700,1.240600,1.310000,1.260900,1.386100,0.420208,-0.394953,0.019098,0.000000
0.268000,0.321100,0.578000,0.553100,0.859200,1.147500,1.230700,1.315300,1.238600,1.376900,0.407943,-0.389426,0.030032,0.000000
0.278500,0.319200,0.568200,0.534800,0.836200,1.158700,1.240600,1.310000,1.260900,1.386100,0.420208,-0.394953,0.019098,0.000000
0.278500,0.319200,0.568200,0.534800,0.836200,1.158700,1.240600,1.310000,1.260900,1.386100,0.420208,-0.394953,0.019098,0.000000
0.302800,0.284400,0.473800,0.429900,0.745100,1.075400,1.192700,1.185500,1.215700,1.402400,0.467748,-0.428916,-0.012577,0.000000
0.302800,0.284400,0.473800,0.429900,0.745100,1.075400,1.192700,1.185500,1.215700,1.402400,0.467748,-0.428916,-0.012577,0.000000
0.241200,0.405000,0.648100,0.667800,0.973900,1.196000,1.310700,1.551200,1.489000,1.161900,0.398107,-0.410631,0.020459,0.000000
0.339500,0.264800,0.388000,0.350600,0.573400,1.027600,1.161900,1.158000,1.218300,1.357200,0.535198,-0.498060,-0.025376,0.000000
0.394500,0.301500,0.433200,0.392600,0.632400,1.001400,1.163900,1.178300,1.225500,1.489600,0.500159,-0.462364,-0.019636,0.000000
0.397100,0.290300,0.414800,0.370300,0.583300,0.975200,1.152100,1.241200,1.236000,1.462700,0.540428,-0.499034,0.002099,0.000000
0.512500,0.254300,0.385300,0.338200,0.628500,1.029600,1.175000,1.234700,1.226800,1.580700,0.569966,-0.524321,0.003209,0.000000
0.287000,0.254300,0.399800,0.370300,0.600300,0.990900,1.050500,1.131800,1.125200,1.230100,0.506957,-0.477932,0.002924,0.000000
0.311300,0.254300,0.384700,0.358500,0.629800,0.994800,1.085300,1.075400,1.133800,1.319200,0.499965,-0.473050,-0.026435,0.000000
0.251000,0.330300,0.500000,0.481700,0.693400,0.996800,1.112800,1.321200,1.163900,1.079400,0.465639,-0.450912,0.063297,0.000000
0.281100,0.250300,0.380800,0.344700,0.620600,1.179000,1.352000,1.310000,1.438500,1.266100,0.583369,-0.549562,-0.046753,0.000000
0.205100,0.325700,0.526200,0.499400,0.637000,0.737300,0.750400,0.948900,0.749100,0.848000,0.310364,-0.286557,0.117668,0.000000
0.205100,0.325700,0.526200,0.499400,0.637000,0.737300,0.750400,0.948900,0.749100,0.848000,0.310364,-0.286557,0.117668,0.000000
0.203200,0.326400,0.549800,0.519700,0.875500,1.118700,1.200600,1.215700,1.257600,0.997400,0.401060,-0.377174,-0.016941,0.000000
0.211700,0.307400,0.465300,0.423400,0.747800,1.074800,1.116700,1.184900,1.147500,1.112100,0.473481,-0.436068,0.016035,0.000000
0.206400,0.305400,0.480400,0.454800,0.765400,1.045300,1.072800,1.201900,1.086600,1.051800,0.450957,-0.428877,0.050382,0.000000
0.219500,0.266700,0.412900,0.384700,0.660600,0.880800,0.934500,1.032800,0.916800,1.062300,0.457213,-0.428789,0.059499,0.000000
0.219500,0.266700,0.412900,0.384700,0.660600,0.880800,0.934500,1.032800,0.916800,1.062300,0.457213,-0.428789,0.059499,0.000000
0.234000,0.218200,0.331600,0.303400,0.576700,1.116100,1.300900,1.418800,1.420800,1.301500,0.647660,-0.621115,-0.000704,0.000000
0.268700,0.273300,0.428600,0.386700,0.607500,0.969300,1.044000,1.141000,1.120600,1.153400,0.493749,-0.453874,0.009020,0.000000
0.280500,0.195900,0.314600,0.268700,0.505300,0.897800,0.985000,1.056400,1.040700,1.184200,0.594446,-0.541065,0.007487,0.000000
0.230000,0.429300,0.643600,0.634400,0.863800,1.093800,1.190800,1.390000,1.296900,1.011200,0.373246,-0.367034,0.034650,0.000000
0.230000,0.429300,0.643600,0.634400,0.863800,1.093800,1.190800,1.390000,1.296900,1.011200,0.373246,-0.367034,0.034650,0.000000
0.230000,0.429300,0.643600,0.634400,0.863800,1.093800,1.190800,1.390000,1.296900,1.011200,0.373246,-0.367034,0.034650,0.000000
0.226800,0.316500,0.463300,0.434500,0.669100,0.883400,0.926700,1.043300,0.960700,1.040700,0.411964,-0.384973,0.041218,0.000000
0.226800,0.316500,0.463300,0.434500,0.669100,0.883400,0.926700,1.043300,0.960700,1.040700,0.411964,-0.384973,0.041218,0.000000
0.215000,0.365000,0.547200,0.547200,0.894600,1.053100,1.110800,1.182300,1.142300,0.891900,0.367216,-0.367216,0.017207,0.000000
0.219500,0.455500,0.657300,0.709700,0.988300,1.133100,1.206500,1.318600,1.277300,0.933200,0.300202,-0.334683,0.015910,0.000000
0.224100,0.403000,0.639600,0.668500,1.011900,1.165200,1.255700,1.284500,1.319900,0.924700,0.315412,-0.335170,-0.013592,0.000000
0.235300,0.432500,0.624500,0.608800,0.939800,1.141000,1.205200,1.429300,1.303500,0.884700,0.402581,-0.391859,0.046033,0.000000
0.230000,0.405700,0.601000,0.623900,0.909000,1.187500,1.291000,1.370300,1.412300,1.014500,0.374285,-0.390250,-0.015094,0.000000
0.254900,0.279200,0.435200,0.391200,0.657300,1.068200,1.189500,1.290400,1.293700,1.162600,0.534729,-0.495596,-0.001277,0.000000
0.254900,0.279200,0.435200,0.391200,0.657300,1.068200,1.189500,1.290400,1.293700,1.162600,0.534729,-0.495596,-0.001277,0.000000
0.226800,0.380100,0.645500,0.640900,0.928600,1.163900,1.253700,1.388700,1.369700,1.078100,0.368447,-0.365352,0.006888,0.000000
0.226800,0.380100,0.645500,0.640900,0.928600,1.163900,1.253700,1.388700,1.369700,1.078100,0.368447,-0.365352,0.006888,0.000000
0.230700,0.418800,0.722200,0.718900,1.095700,1.445000,1.517100,1.713700,1.599700,1.093100,0.408945,-0.407036,0.034406,0.000000
0.237200,0.278500,0.441700,0.401700,0.736000,1.004700,1.096400,1.172400,1.184200,1.236000,0.489613,-0.452698,-0.005007,0.000000
0.240500,0.289000,0.499400,0.474500,0.962700,1.297600,1.372300,1.350700,1.448300,1.256300,0.480057,-0.460137,-0.034870,0.000000
0.239200,0.339500,0.613400,0.580000,0.954800,1.303500,1.376200,1.487600,1.421500,1.251100,0.438963,-0.416088,0.022722,0.000000
0.232000,0.363100,0.616000,0.601000,0.998100,1.364400,1.430600,1.589200,1.479100,1.192700,0.451192,-0.441321,0.035883,0.000000
0.225400,0.369600,0.627800,0.608200,0.955500,1.284500,1.367700,1.581400,1.412900,1.172400,0.444465,-0.431649,0.056274,0.000000
0.232000,0.363100,0.616000,0.601000,0.998100,1.364400,1.430600,1.589200,1.479100,1.192700,0.451192,-0.441321,0.035883,0.000000
0.258200,0.272600,0.400400,0.377500,0.705800,1.104900,1.247800,1.268800,1.296300,1.232700,0.541396,-0.520249,-0.010721,0.000000
0.201800,0.231300,0.399800,0.350600,0.647500,0.873600,0.963400,1.004700,1.004700,0.962100,0.482624,-0.430687,0.000000,0.000000
0.201800,0.231300,0.399800,0.350600,0.647500,0.873600,0.963400,1.004700,1.004700,0.962100,0.482624,-0.430687,0.000000,0.000000
0.197300,0.288400,0.502000,0.435800,0.836900,1.081300,1.201300,1.279900,1.233400,0.995500,0.491986,-0.436557,0.018502,0.000000
0.234000,0.370900,0.610800,0.600300,0.991500,1.226800,1.311400,1.326400,1.430000,0.946300,0.376862,-0.369399,-0.037585,0.000000
0.321800,0.272600,0.433200,0.385300,0.568200,0.923400,1.087200,1.135700,1.135100,1.196700,0.493360,-0.447766,2.6422407E-4,0.000000
0.260200,0.275200,0.404400,0.379400,0.616700,1.003300,1.136400,1.175700,1.190100,1.171800,0.512057,-0.488134,-0.006087,0.000000
0.192700,0.382100,0.597000,0.562900,0.775300,0.952900,0.957500,1.169800,0.985000,0.838800,0.350263,-0.324202,0.085762,0.000000
0.192700,0.382100,0.597000,0.562900,0.775300,0.952900,0.957500,1.169800,0.985000,0.838800,0.350263,-0.324202,0.085762,0.000000
0.755600,1.199300,1.561000,1.810700,1.912300,2.087900,2.143000,2.284600,2.207900,1.967400,0.115718,-0.188163,0.017073,0.000000
0.317200,0.283100,0.432500,0.372900,0.574100,0.802100,0.909600,0.991500,0.929300,1.070800,0.453386,-0.392556,0.032382,0.000000
0.317200,0.283100,0.432500,0.372900,0.574100,0.802100,0.909600,0.991500,0.929300,1.070800,0.453386,-0.392556,0.032382,0.000000
0.344700,0.325100,0.496800,0.434500,0.628500,0.882100,0.962700,0.985600,0.992900,1.158000,0.388071,-0.329736,-0.003690,0.000000
0.326400,0.289000,0.489500,0.438400,0.724800,1.140300,1.257000,1.312000,1.319200,1.420800,0.499086,-0.456564,-0.002736,0.000000
0.326400,0.289000,0.489500,0.438400,0.724800,1.140300,1.257000,1.312000,1.319200,1.420800,0.499086,-0.456564,-0.002736,0.000000
0.242500,0.216900,0.366300,0.338200,0.686200,1.007900,1.052500,1.080000,1.111500,1.292400,0.523057,-0.493466,-0.014374,0.000000
0.243800,0.429900,0.670400,0.718900,0.997400,1.207200,1.329000,1.651500,1.490300,1.128500,0.393436,-0.422542,0.051308,0.000000
0.307400,0.279800,0.445000,0.393900,0.637000,0.975800,1.110800,1.137700,1.116100,1.370300,0.485636,-0.437670,0.009584,0.000000
0.307400,0.279800,0.445000,0.393900,0.637000,0.975800,1.110800,1.137700,1.116100,1.370300,0.485636,-0.437670,0.009584,0.000000
0.293600,0.304700,0.460700,0.426000,0.677000,0.988900,1.111500,1.143600,1.121300,1.376900,0.457187,-0.425669,0.009846,0.000000
0.293600,0.304700,0.460700,0.426000,0.677000,0.988900,1.111500,1.143600,1.121300,1.376900,0.457187,-0.425669,0.009846,0.000000
0.307400,0.279800,0.445000,0.393900,0.637000,0.975800,1.110800,1.137700,1.116100,1.370300,0.485636,-0.437670,0.009584,0.000000
0.275200,0.291000,0.442400,0.382100,0.642900,1.048600,1.177700,1.263500,1.252400,1.231400,0.535610,-0.481330,0.004412,0.000000
0.397100,0.290300,0.414800,0.370300,0.583300,0.975200,1.152100,1.241200,1.236000,1.462700,0.540428,-0.499034,0.002099,0.000000
0.512500,0.254300,0.385300,0.338200,0.628500,1.029600,1.175000,1.234700,1.226800,1.580700,0.569966,-0.524321,0.003209,0.000000
0.597700,0.616700,0.807400,0.872300,1.312700,1.538100,1.633800,1.504700,1.669200,1.757000,0.266050,-0.301587,-0.051829,0.000000
0.287000,0.254300,0.399800,0.370300,0.600300,0.990900,1.050500,1.131800,1.125200,1.230100,0.506957,-0.477932,0.002924,0.000000
0.254300,0.315200,0.475100,0.456100,0.730100,1.099700,1.237300,1.281200,1.296900,1.146200,0.474932,-0.458976,-0.006090,0.000000
0.234000,0.218200,0.331600,0.303400,0.576700,1.116100,1.300900,1.418800,1.420800,1.301500,0.647660,-0.621115,-0.000704,0.000000
0.234000,0.218200,0.331600,0.303400,0.576700,1.116100,1.300900,1.418800,1.420800,1.301500,0.647660,-0.621115,-0.000704,0.000000
0.216300,0.351900,0.560300,0.565600,0.813300,1.018400,1.070800,1.232700,1.115400,1.039400,0.370961,-0.375014,0.049955,0.000000
0.231300,0.353900,0.536100,0.525600,0.734000,0.914900,1.025600,1.121300,1.047200,1.016400,0.361710,-0.353083,0.034171,0.000000
0.209100,0.342700,0.547200,0.553800,0.677000,0.797600,0.819800,1.075400,0.817900,0.905700,0.320157,-0.325527,0.136006,0.000000
0.201800,0.319800,0.504600,0.496800,0.736000,0.867000,0.922100,1.050500,0.950300,0.861800,0.357849,-0.351039,0.050080,0.000000
0.206400,0.305400,0.480400,0.454800,0.765400,1.045300,1.072800,1.201900,1.086600,1.051800,0.450957,-0.428877,0.050382,0.000000
0.219500,0.266700,0.412900,0.384700,0.660600,0.880800,0.934500,1.032800,0.916800,1.062300,0.457213,-0.428789,0.059499,0.000000
0.219500,0.266700,0.412900,0.384700,0.660600,0.880800,0.934500,1.032800,0.916800,1.062300,0.457213,-0.428789,0.059499,0.000000
0.227400,0.244400,0.384700,0.344700,0.624500,1.024300,1.138300,1.061000,1.217000,1.214400,0.509568,-0.467801,-0.068481,0.000000
0.231300,0.208400,0.325100,0.277200,0.587800,0.899100,1.005300,0.846700,0.985600,1.174400,0.506718,-0.445127,-0.075806,0.000000
0.268700,0.273300,0.428600,0.386700,0.607500,0.969300,1.044000,1.141000,1.120600,1.153400,0.493749,-0.453874,0.009020,0.000000
0.282500,0.284400,0.445600,0.408300,0.635700,1.002700,1.078700,1.160600,1.155400,1.225500,0.479508,-0.445150,0.002245,0.000000
0.263500,0.308700,0.480400,0.433200,0.648100,1.007900,1.096400,1.239900,1.185500,1.150800,0.482159,-0.441493,0.022429,0.000000
0.232000,0.350000,0.549800,0.535400,0.796900,1.009900,1.096400,1.229400,1.183600,1.019100,0.393246,-0.381969,0.018981,0.000000
0.232000,0.350000,0.549800,0.535400,0.796900,1.009900,1.096400,1.229400,1.183600,1.019100,0.393246,-0.381969,0.018981,0.000000
0.207100,0.276600,0.424700,0.373500,0.726800,0.927300,0.987000,1.040700,1.029600,0.990200,0.471786,-0.420363,0.005362,0.000000
0.216300,0.280500,0.442400,0.405700,0.699300,0.907700,0.949600,1.088500,0.987000,1.018400,0.456967,-0.422039,0.048904,0.000000
0.224800,0.544600,0.792300,0.815900,0.993500,1.166500,1.253000,1.442400,1.352600,0.971200,0.277421,-0.290912,0.032129,0.000000
0.219500,0.455500,0.657300,0.709700,0.988300,1.133100,1.206500,1.318600,1.277300,0.933200,0.300202,-0.334683,0.015910,0.000000
0.219500,0.455500,0.657300,0.709700,0.988300,1.133100,1.206500,1.318600,1.277300,0.933200,0.300202,-0.334683,0.015910,0.000000
0.220900,0.396500,0.613400,0.616000,0.942400,1.084600,1.173700,1.329000,1.221600,0.878800,0.366581,-0.368410,0.042108,0.000000
0.220900,0.396500,0.613400,0.616000,0.942400,1.084600,1.173700,1.329000,1.221600,0.878800,0.366581,-0.368410,0.042108,0.000000
0.224100,0.403000,0.639600,0.668500,1.011900,1.165200,1.255700,1.284500,1.319900,0.924700,0.315412,-0.335170,-0.013592,0.000000
0.231300,0.380800,0.624500,0.614100,0.998100,1.184900,1.266100,1.384100,1.353300,0.909600,0.385347,-0.378174,0.011252,0.000000
0.235300,0.432500,0.624500,0.608800,0.939800,1.141000,1.205200,1.429300,1.303500,0.884700,0.402581,-0.391859,0.046033,0.000000
0.155300,0.113400,0.241200,0.173700,0.416100,0.446300,0.505900,0.407000,0.407600,0.675000,0.401757,-0.255785,-0.000737,0.000000
0.155300,0.113400,0.241200,0.173700,0.416100,0.446300,0.505900,0.407000,0.407600,0.675000,0.401757,-0.255785,-0.000737,0.000000
0.230000,0.391900,0.582000,0.608200,0.889300,1.182900,1.284500,1.354600,1.407000,1.012500,0.380273,-0.398947,-0.018975,0.000000
0.230000,0.391900,0.582000,0.608200,0.889300,1.182900,1.284500,1.354600,1.407000,1.012500,0.380273,-0.398947,-0.018975,0.000000
0.230000,0.391900,0.582000,0.608200,0.889300,1.182900,1.284500,1.354600,1.407000,1.012500,0.380273,-0.398947,-0.018975,0.000000
0.247700,0.264100,0.390600,0.359800,0.660600,1.053100,1.177700,1.327100,1.283800,1.181600,0.573419,-0.545206,0.016584,0.000000
0.226800,0.316500,0.518400,0.520300,0.827700,1.132400,1.195400,1.276000,1.266100,1.071500,0.420698,-0.422202,0.003894,0.000000
0.238500,0.256200,0.403000,0.357800,0.702500,0.973900,1.066900,1.077400,1.084600,1.220900,0.501394,-0.455553,-0.003330,0.000000
0.237200,0.266100,0.429900,0.400400,0.715000,0.981100,1.074100,1.112800,1.137700,1.230100,0.470790,-0.442665,-0.011064,0.000000
0.226800,0.380100,0.645500,0.640900,0.928600,1.163900,1.253700,1.388700,1.369700,1.078100,0.368447,-0.365352,0.006888,0.000000
0.242500,0.216900,0.366300,0.338200,0.686200,1.007900,1.052500,1.080000,1.111500,1.292400,0.523057,-0.493466,-0.014374,0.000000
0.242500,0.216900,0.366300,0.338200,0.686200,1.007900,1.052500,1.080000,1.111500,1.292400,0.523057,-0.493466,-0.014374,0.000000
0.244400,0.399800,0.650100,0.668500,1.019700,1.266800,1.388000,1.593800,1.560400,1.179600,0.409009,-0.420562,0.010589,0.000000
0.244400,0.399800,0.650100,0.668500,1.019700,1.266800,1.388000,1.593800,1.560400,1.179600,0.409009,-0.420562,0.010589,0.000000
0.227400,0.414200,0.716300,0.696000,1.013800,1.185500,1.300900,1.527600,1.352600,0.988300,0.373988,-0.361558,0.060760,0.000000
0.232000,0.363100,0.616000,0.601000,0.998100,1.364400,1.430600,1.589200,1.479100,1.192700,0.451192,-0.441321,0.035883,0.000000
0.235900,0.353900,0.625900,0.591100,0.931300,1.258300,1.338200,1.536100,1.381500,1.238600,0.444246,-0.420999,0.052989,0.000000
0.237200,0.263500,0.401700,0.370900,0.704500,1.045900,1.167800,1.154700,1.219600,1.144200,0.513765,-0.483809,-0.027334,0.000000
0.237200,0.263500,0.401700,0.370900,0.704500,1.045900,1.167800,1.154700,1.219600,1.144200,0.513765,-0.483809,-0.027334,0.000000
0.237200,0.263500,0.401700,0.370900,0.704500,1.045900,1.167800,1.154700,1.219600,1.144200,0.513765,-0.483809,-0.027334,0.000000
0.258200,0.272600,0.400400,0.377500,0.705800,1.104900,1.247800,1.268800,1.296300,1.232700,0.541396,-0.520249,-0.010721,0.000000
0.237200,0.263500,0.401700,0.370900,0.704500,1.045900,1.167800,1.154700,1.219600,1.144200,0.513765,-0.483809,-0.027334,0.000000
0.207100,0.353900,0.620600,0.574100,0.943700,1.248400,1.337600,1.538100,1.377500,1.030200,0.456396,-0.425024,0.055083,0.000000
0.207100,0.353900,0.620600,0.574100,0.943700,1.248400,1.337600,1.538100,1.377500,1.030200,0.456396,-0.425024,0.055083,0.000000
0.197300,0.288400,0.502000,0.435800,0.836900,1.081300,1.201300,1.279900,1.233400,0.995500,0.491986,-0.436557,0.018502,0.000000
0.162500,0.124500,0.259500,0.212300,0.459400,0.528900,0.588500,0.485000,0.512500,0.732000,0.391080,-0.302888,-0.027569,0.000000
0.162500,0.124500,0.259500,0.212300,0.459400,0.528900,0.588500,0.485000,0.512500,0.732000,0.391080,-0.302888,-0.027569,0.000000
0.250300,0.256900,0.407000,0.357200,0.561000,0.806100,0.899800,1.025600,0.944400,1.028200,0.483367,-0.431802,0.041218,0.000000
0.192700,0.382100,0.597000,0.562900,0.775300,0.952900,0.957500,1.169800,0.985000,0.838800,0.350263,-0.324202,0.085762,0.000000
0.344700,0.325100,0.496800,0.434500,0.628500,0.882100,0.962700,0.985600,0.992900,1.158000,0.388071,-0.329736,-0.003690,0.000000
0.468600,0.260200,0.418100,0.382100,0.663900,1.241200,1.455500,1.548600,1.536800,1.661300,0.604185,-0.574821,0.003824,0.000000
0.625900,0.606200,0.851300,0.886700,1.284500,1.557100,1.611500,1.536100,1.638400,1.811400,0.268037,-0.286839,-0.032226,0.000000
0.352600,0.298800,0.481000,0.426000,0.686800,1.190800,1.313300,1.471300,1.418800,1.441800,0.550941,-0.507248,0.018165,0.000000
0.246400,0.340800,0.622600,0.580000,0.928000,1.250400,1.323200,1.396600,1.354000,1.302800,0.413134,-0.383320,0.015488,0.000000
0.262100,0.249700,0.411600,0.350000,0.653400,0.947600,1.040000,1.061700,1.067600,1.348100,0.504144,-0.441254,-0.002771,0.000000
0.262100,0.249700,0.411600,0.350000,0.653400,0.947600,1.040000,1.061700,1.067600,1.348100,0.504144,-0.441254,-0.002771,0.000000
0.262100,0.249700,0.411600,0.350000,0.653400,0.947600,1.040000,1.061700,1.067600,1.348100,0.504144,-0.441254,-0.002771,0.000000
0.330300,0.266100,0.388600,0.365700,0.585200,0.998100,1.138300,1.148200,1.167800,1.357200,0.516877,-0.494274,-0.008463,0.000000
0.290300,0.228100,0.352600,0.319200,0.595700,0.948900,1.082600,1.084600,1.097700,1.314000,0.545234,-0.509324,-0.006003,0.000000
0.349300,0.264100,0.391200,0.353900,0.566200,0.969900,1.149500,1.278600,1.231400,1.384800,0.566432,-0.531441,0.018805,0.000000
0.597700,0.616700,0.807400,0.872300,1.312700,1.538100,1.633800,1.504700,1.669200,1.757000,0.266050,-0.301587,-0.051829,0.000000
0.348000,0.237900,0.365700,0.336800,0.617300,0.984300,1.120000,1.106200,1.148200,1.411600,0.533195,-0.503091,-0.018630,0.000000
0.217600,0.298800,0.464600,0.411600,0.710400,1.085300,1.167200,1.171100,1.239300,1.175700,0.479876,-0.431925,-0.028294,0.000000
0.218200,0.349300,0.553100,0.517100,0.855200,1.136400,1.190100,1.220300,1.276000,1.113400,0.404743,-0.376226,-0.022313,0.000000
0.218200,0.349300,0.553100,0.517100,0.855200,1.136400,1.190100,1.220300,1.276000,1.113400,0.404743,-0.376226,-0.022313,0.000000
0.245800,0.265400,0.415500,0.370900,0.658600,1.154700,1.340200,1.421500,1.430600,1.297600,0.586141,-0.547632,-0.003191,0.000000
0.228700,0.235900,0.393200,0.375500,0.608200,0.757600,0.809400,0.758900,0.827100,0.949600,0.337976,-0.317420,-0.043001,0.000000
0.214300,0.329600,0.519000,0.551800,0.733300,0.872900,0.933200,1.122600,0.937800,0.965300,0.340898,-0.367690,0.089691,0.000000
0.201800,0.319800,0.504600,0.496800,0.736000,0.867000,0.922100,1.050500,0.950300,0.861800,0.357849,-0.351039,0.050080,0.000000
0.199200,0.338200,0.518400,0.504600,0.855900,1.073500,1.152100,1.243200,1.191400,0.938500,0.422588,-0.411444,0.021277,0.000000
0.195300,0.364400,0.562900,0.536700,0.822500,1.022300,1.062300,1.241200,1.096400,0.885400,0.396254,-0.375977,0.061944,0.000000
0.195300,0.364400,0.562900,0.536700,0.822500,1.022300,1.062300,1.241200,1.096400,0.885400,0.396254,-0.375977,0.061944,0.000000
0.231300,0.266100,0.398500,0.351300,0.616000,0.836200,0.900500,0.914200,0.873600,1.082000,0.444804,-0.392854,0.022709,0.000000
0.220200,0.272000,0.426600,0.378100,0.671100,0.997400,1.064900,1.065600,1.071500,1.150800,0.476207,-0.428227,-0.002761,0.000000
0.231300,0.208400,0.325100,0.277200,0.587800,0.899100,1.005300,0.846700,0.985600,1.174400,0.506718,-0.445127,-0.075806,0.000000
0.282500,0.284400,0.445600,0.408300,0.635700,1.002700,1.078700,1.160600,1.155400,1.225500,0.479508,-0.445150,0.002245,0.000000
0.258900,0.315900,0.494100,0.439700,0.659900,1.041400,1.144200,1.304800,1.242500,1.154700,0.495901,-0.450664,0.024457,0.000000
0.263500,0.308700,0.480400,0.433200,0.648100,1.007900,1.096400,1.239900,1.185500,1.150800,0.482159,-0.441493,0.022429,0.000000
0.239200,0.270000,0.421400,0.382100,0.637000,0.844700,0.915500,0.928600,0.946300,1.062300,0.416953,-0.375704,-0.009441,0.000000
0.253000,0.211700,0.362400,0.313300,0.604200,0.819200,0.918100,0.832300,0.948900,1.089200,0.453038,-0.393321,-0.065461,0.000000
0.207100,0.276600,0.424700,0.373500,0.726800,0.927300,0.987000,1.040700,1.029600,0.990200,0.471786,-0.420363,0.005362,0.000000
0.216300,0.423400,0.612800,0.662600,0.943700,1.089800,1.146900,1.266800,1.220900,0.945000,0.313154,-0.347946,0.018451,0.000000
0.220900,0.396500,0.613400,0.616000,0.942400,1.084600,1.173700,1.329000,1.221600,0.878800,0.366581,-0.368410,0.042108,0.000000
0.231300,0.380800,0.624500,0.614100,0.998100,1.184900,1.266100,1.384100,1.353300,0.909600,0.385347,-0.378174,0.011252,0.000000
0.232000,0.435800,0.647500,0.665200,1.006000,1.230700,1.325800,1.401800,1.432600,0.962100,0.356362,-0.368077,-0.010866,0.000000
0.228700,0.336800,0.544600,0.550500,0.921400,1.196000,1.264800,1.297600,1.353300,1.004700,0.404253,-0.408750,-0.021012,0.000000
0.228700,0.336800,0.544600,0.550500,0.921400,1.196000,1.264800,1.297600,1.353300,1.004700,0.404253,-0.408750,-0.021012,0.000000
0.195300,0.150100,0.288400,0.245800,0.658600,0.858500,0.877500,0.672400,0.865100,0.815300,0.464605,-0.399667,-0.125333,0.000000
0.238500,0.256200,0.403000,0.357800,0.702500,0.973900,1.066900,1.077400,1.084600,1.220900,0.501394,-0.455553,-0.003330,0.000000
0.226100,0.344100,0.557700,0.561000,0.833600,1.150100,1.194000,1.302200,1.262200,1.074100,0.397810,-0.400290,0.015598,0.000000
0.239200,0.355900,0.585900,0.585200,0.922100,1.175000,1.276000,1.379500,1.418800,1.190100,0.404286,-0.403786,-0.014044,0.000000
0.241800,0.270000,0.429900,0.417500,0.751700,1.064300,1.113400,1.131100,1.199300,1.274700,0.460803,-0.449199,-0.029265,0.000000
0.239200,0.355900,0.585900,0.585200,0.922100,1.175000,1.276000,1.379500,1.418800,1.190100,0.404286,-0.403786,-0.014044,0.000000
0.234000,0.372900,0.626500,0.633700,1.085300,1.449000,1.519100,1.586600,1.595800,1.151400,0.429176,-0.433826,-0.002891,0.000000
0.247100,0.336800,0.606200,0.557700,0.908300,1.224200,1.300900,1.435900,1.331000,1.298200,0.440510,-0.406297,0.037912,0.000000
0.247100,0.336800,0.606200,0.557700,0.908300,1.224200,1.300900,1.435900,1.331000,1.298200,0.440510,-0.406297,0.037912,0.000000
0.247100,0.336800,0.606200,0.557700,0.908300,1.224200,1.300900,1.435900,1.331000,1.298200,0.440510,-0.406297,0.037912,0.000000
0.237200,0.263500,0.401700,0.370900,0.704500,1.045900,1.167800,1.154700,1.219600,1.144200,0.513765,-0.483809,-0.027334,0.000000
0.170400,0.146800,0.284400,0.264100,0.519000,0.635700,0.696000,0.614100,0.653400,0.791000,0.398542,-0.366945,-0.031006,0.000000
0.208400,0.156600,0.296900,0.260200,0.486900,0.624500,0.667800,0.638300,0.663200,0.857900,0.420812,-0.365056,-0.019132,0.000000
0.208400,0.156600,0.296900,0.260200,0.486900,0.624500,0.667800,0.638300,0.663200,0.857900,0.420812,-0.365056,-0.019132,0.000000
0.375500,0.277900,0.401700,0.380800,0.576700,0.965300,1.154100,1.247800,1.199300,1.282500,0.532359,-0.512943,0.019819,0.000000
0.375500,0.277900,0.401700,0.380800,0.576700,0.965300,1.154100,1.247800,1.199300,1.282500,0.532359,-0.512943,0.019819,0.000000
0.210400,0.319200,0.495400,0.468600,0.779200,0.933900,0.981700,1.044000,0.977100,0.842800,0.380405,-0.356373,0.033101,0.000000
0.345400,0.378100,0.530800,0.494800,0.628500,0.996800,1.109500,1.040000,1.154700,1.213100,0.355225,-0.324166,-0.052262,0.000000
0.566200,0.325100,0.456800,0.451500,0.909000,1.340200,1.474500,1.392000,1.488300,1.735400,0.510171,-0.505842,-0.033434,0.000000
0.622600,0.474500,0.720200,0.714300,1.126500,1.393900,1.453600,1.303500,1.513200,1.734700,0.292001,-0.288234,-0.074449,0.000000
0.269300,0.292900,0.493500,0.446900,0.828400,1.163200,1.248400,1.296900,1.275300,1.352000,0.487441,-0.448727,0.008397,0.000000
0.250300,0.340100,0.561600,0.536700,0.869000,1.163200,1.226800,1.334300,1.256300,1.336300,0.426296,-0.407564,0.030109,0.000000
0.245100,0.315200,0.556400,0.530200,0.915500,1.230700,1.299600,1.329000,1.354000,1.300200,0.429647,-0.409780,-0.009318,0.000000
0.250300,0.340100,0.561600,0.536700,0.869000,1.163200,1.226800,1.334300,1.256300,1.336300,0.426296,-0.407564,0.030109,0.000000
0.359800,0.258900,0.388000,0.363100,0.589800,1.023700,1.170500,1.285800,1.205200,1.395900,0.559585,-0.536384,0.032356,0.000000
0.359800,0.258900,0.388000,0.363100,0.589800,1.023700,1.170500,1.285800,1.205200,1.395900,0.559585,-0.536384,0.032356,0.000000
0.341400,0.270700,0.414200,0.385300,0.632400,1.032800,1.172400,1.247800,1.202600,1.399200,0.528137,-0.501564,0.018446,0.000000
0.359800,0.258900,0.388000,0.363100,0.589800,1.023700,1.170500,1.285800,1.205200,1.395900,0.559585,-0.536384,0.032356,0.000000
0.308000,0.290300,0.413500,0.363100,0.608200,1.006000,1.154100,1.261500,1.219600,1.310700,0.552998,-0.506269,0.016888,0.000000
0.585900,0.885400,1.125200,1.254300,1.546600,1.731400,1.825100,1.817300,1.852700,1.832400,0.183292,-0.235208,-0.009646,0.000000
0.446300,0.294300,0.424000,0.367700,0.745100,1.106900,1.226200,1.165200,1.286500,1.588600,0.520256,-0.466398,-0.049476,0.000000
0.394500,0.301500,0.433200,0.392600,0.632400,1.001400,1.163900,1.178300,1.225500,1.489600,0.500159,-0.462364,-0.019636,0.000000
0.452200,0.289700,0.404400,0.361800,0.623900,1.009200,1.155400,1.221600,1.236600,1.545300,0.543009,-0.502583,-0.006102,0.000000
0.346700,0.252300,0.362400,0.315900,0.655400,1.009900,1.122600,1.017800,1.135700,1.429300,0.526280,-0.474859,-0.054748,0.000000
0.346700,0.252300,0.362400,0.315900,0.655400,1.009900,1.122600,1.017800,1.135700,1.429300,0.526280,-0.474859,-0.054748,0.000000
0.277200,0.240500,0.380800,0.341400,0.644200,1.160000,1.291000,1.339500,1.379500,1.203900,0.593789,-0.557287,-0.014711,0.000000
0.277200,0.240500,0.380800,0.341400,0.644200,1.160000,1.291000,1.339500,1.379500,1.203900,0.593789,-0.557287,-0.014711,0.000000
0.281100,0.250300,0.380800,0.344700,0.620600,1.179000,1.352000,1.310000,1.438500,1.266100,0.583369,-0.549562,-0.046753,0.000000
0.261500,0.280500,0.417500,0.403000,0.662600,1.153400,1.340800,1.411600,1.416200,1.280600,0.555825,-0.543491,-0.001627,0.000000
0.245800,0.265400,0.415500,0.370900,0.658600,1.154700,1.340200,1.421500,1.430600,1.297600,0.586141,-0.547632,-0.003191,0.000000
0.245800,0.265400,0.415500,0.370900,0.658600,1.154700,1.340200,1.421500,1.430600,1.297600,0.586141,-0.547632,-0.003191,0.000000
0.241200,0.300200,0.466600,0.450200,0.741200,1.129200,1.282500,1.352000,1.354000,1.230100,0.500388,-0.486858,-0.000739,0.000000
0.216300,0.351900,0.560300,0.565600,0.813300,1.018400,1.070800,1.232700,1.115400,1.039400,0.370961,-0.375014,0.049955,0.000000
0.205800,0.355900,0.549800,0.541300,0.881400,1.097100,1.143600,1.267400,1.217600,0.990200,0.401449,-0.394893,0.020040,0.000000
0.205800,0.355900,0.549800,0.541300,0.881400,1.097100,1.143600,1.267400,1.217600,0.990200,0.401449,-0.394893,0.020040,0.000000
0.237900,0.207700,0.310600,0.258200,0.574100,0.815900,0.910300,0.779200,0.840200,1.132400,0.502217,-0.429987,-0.037668,0.000000
0.220200,0.272000,0.426600,0.378100,0.671100,0.997400,1.064900,1.065600,1.071500,1.150800,0.476207,-0.428227,-0.002761,0.000000
0.211700,0.307400,0.465300,0.423400,0.747800,1.074800,1.116700,1.184900,1.147500,1.112100,0.473481,-0.436068,0.016035,0.000000
0.206400,0.305400,0.480400,0.454800,0.765400,1.045300,1.072800,1.201900,1.086600,1.051800,0.450957,-0.428877,0.050382,0.000000
0.302100,0.184200,0.282500,0.235300,0.458700,1.114100,1.332300,1.399200,1.411600,1.502100,0.712083,-0.664030,-0.004412,0.000000
0.258900,0.315900,0.494100,0.439700,0.659900,1.041400,1.144200,1.304800,1.242500,1.154700,0.495901,-0.450664,0.024457,0.000000
0.260200,0.178900,0.313900,0.251000,0.553100,0.793000,0.895200,0.765400,0.893200,1.125200,0.506100,-0.418327,-0.077053,0.000000
0.253000,0.211700,0.362400,0.313300,0.604200,0.819200,0.918100,0.832300,0.948900,1.089200,0.453038,-0.393321,-0.065461,0.000000
0.253000,0.211700,0.362400,0.313300,0.604200,0.819200,0.918100,0.832300,0.948900,1.089200,0.453038,-0.393321,-0.065461,0.000000
0.253000,0.211700,0.362400,0.313300,0.604200,0.819200,0.918100,0.832300,0.948900,1.089200,0.453038,-0.393321,-0.065461,0.000000
0.201800,0.251700,0.428600,0.397800,0.728700,0.907700,0.942400,0.857200,0.939100,0.883400,0.366056,-0.333333,-0.045594,0.000000
0.207100,0.273900,0.420700,0.400400,0.799500,0.979100,1.017800,0.907000,1.048600,0.927300,0.387487,-0.366273,-0.072407,0.000000
0.207100,0.273900,0.420700,0.400400,0.799500,0.979100,1.017800,0.907000,1.048600,0.927300,0.387487,-0.366273,-0.072407,0.000000
0.207100,0.273900,0.420700,0.400400,0.799500,0.979100,1.017800,0.907000,1.048600,0.927300,0.387487,-0.366273,-0.072407,0.000000
0.205100,0.264800,0.445000,0.416100,0.734600,0.912200,0.934500,0.914200,0.912200,0.860500,0.374427,-0.345203,0.001095,0.000000
0.222800,0.376800,0.591800,0.583300,0.869000,1.041400,1.101000,1.225500,1.191400,0.990200,0.355042,-0.348704,0.014109,0.000000
0.230000,0.429300,0.643600,0.634400,0.863800,1.093800,1.190800,1.390000,1.296900,1.011200,0.373246,-0.367034,0.034650,0.000000
0.222800,0.376800,0.591800,0.583300,0.869000,1.041400,1.101000,1.225500,1.191400,0.990200,0.355042,-0.348704,0.014109,0.000000
0.222800,0.480400,0.730700,0.734000,0.958100,1.119300,1.196000,1.376200,1.299600,0.978400,0.304331,-0.306374,0.028627,0.000000
0.226100,0.439700,0.679600,0.658600,0.949600,1.089200,1.184200,1.474500,1.241900,0.867700,0.382495,-0.369017,0.085628,0.000000
0.228100,0.401700,0.595700,0.602900,0.787700,0.913600,0.964000,1.237300,0.998800,0.798200,0.344745,-0.350027,0.106659,0.000000
0.232000,0.435800,0.647500,0.665200,1.006000,1.230700,1.325800,1.401800,1.432600,0.962100,0.356362,-0.368077,-0.010866,0.000000
0.228100,0.342100,0.568200,0.561600,0.834300,1.114100,1.209100,1.348700,1.292400,1.070200,0.412030,-0.407168,0.021317,0.000000
0.228100,0.376800,0.608200,0.611400,0.921400,1.199900,1.256300,1.378900,1.329700,1.001400,0.385620,-0.387852,0.018164,0.000000
0.203200,0.180900,0.338200,0.297500,0.743200,0.923400,1.000100,0.897200,1.084600,0.878800,0.501967,-0.452485,-0.094561,0.000000
0.243800,0.322400,0.501300,0.486900,0.869000,1.172400,1.239300,1.286500,1.339500,1.284500,0.450885,-0.439199,-0.020183,0.000000
0.243800,0.322400,0.501300,0.486900,0.869000,1.172400,1.239300,1.286500,1.339500,1.284500,0.450885,-0.439199,-0.020183,0.000000
0.243800,0.322400,0.501300,0.486900,0.869000,1.172400,1.239300,1.286500,1.339500,1.284500,0.450885,-0.439199,-0.020183,0.000000
0.242500,0.326400,0.529500,0.515100,0.952200,1.249100,1.336300,1.375600,1.467300,1.247800,0.455122,-0.444124,-0.032256,0.000000
0.245100,0.315200,0.556400,0.530200,0.915500,1.230700,1.299600,1.329000,1.354000,1.300200,0.429647,-0.409780,-0.009318,0.000000
0.226800,0.380100,0.645500,0.640900,0.928600,1.163900,1.253700,1.388700,1.369700,1.078100,0.368447,-0.365352,0.006888,0.000000
0.228100,0.370300,0.599600,0.606900,0.974500,1.180900,1.294300,1.395200,1.418200,1.076700,0.393737,-0.398837,-0.008175,0.000000
0.234000,0.372900,0.626500,0.633700,1.085300,1.449000,1.519100,1.586600,1.595800,1.151400,0.429176,-0.433826,-0.002891,0.000000
0.234000,0.372900,0.626500,0.633700,1.085300,1.449000,1.519100,1.586600,1.595800,1.151400,0.429176,-0.433826,-0.002891,0.000000
0.247100,0.336800,0.606200,0.557700,0.908300,1.224200,1.300900,1.435900,1.331000,1.298200,0.440510,-0.406297,0.037912,0.000000
0.247100,0.336800,0.606200,0.557700,0.908300,1.224200,1.300900,1.435900,1.331000,1.298200,0.440510,-0.406297,0.037912,0.000000
0.247100,0.336800,0.606200,0.557700,0.908300,1.224200,1.300900,1.435900,1.331000,1.298200,0.440510,-0.406297,0.037912,0.000000
0.247100,0.336800,0.606200,0.557700,0.908300,1.224200,1.300900,1.435900,1.331000,1.298200,0.440510,-0.406297,0.037912,0.000000
0.209100,0.281100,0.506600,0.445000,0.884700,1.156000,1.275300,1.306800,1.319900,1.073500,0.491951,-0.441271,-0.004987,0.000000
0.209100,0.281100,0.506600,0.445000,0.884700,1.156000,1.275300,1.306800,1.319900,1.073500,0.491951,-0.441271,-0.004987,0.000000
0.228100,0.376800,0.608200,0.611400,0.921400,1.199900,1.256300,1.378900,1.329700,1.001400,0.385620,-0.387852,0.018164,0.000000
0.231300,0.443000,0.717000,0.700600,0.985600,1.180300,1.272000,1.506600,1.301500,0.919500,0.365169,-0.355100,0.073039,0.000000
0.228100,0.437100,0.725500,0.717000,0.954800,1.201300,1.274700,1.504700,1.338900,0.998800,0.354548,-0.349386,0.058306,0.000000
0.209700,0.312600,0.519700,0.470500,0.838200,1.047900,1.143600,1.293700,1.259600,0.938500,0.466614,-0.426823,0.013355,0.000000
0.192700,0.256900,0.453500,0.395800,0.718900,0.905000,0.989600,1.089200,1.040000,0.894600,0.466936,-0.412070,0.023107,0.000000
0.192700,0.256900,0.453500,0.395800,0.718900,0.905000,0.989600,1.089200,1.040000,0.894600,0.466936,-0.412070,0.023107,0.000000
0.184200,0.141600,0.249000,0.206400,0.504600,0.646200,0.699300,0.553800,0.673700,0.817200,0.456985,-0.379671,-0.097678,0.000000
0.184200,0.141600,0.249000,0.206400,0.504600,0.646200,0.699300,0.553800,0.673700,0.817200,0.456985,-0.379671,-0.097678,0.000000
0.299500,0.270000,0.407000,0.367000,0.565600,0.993500,1.156000,1.226200,1.211100,1.226200,0.539292,-0.501592,0.006195,0.000000
0.321800,0.272600,0.433200,0.385300,0.568200,0.923400,1.087200,1.135700,1.135100,1.196700,0.493360,-0.447766,2.6422407E-4,0.000000
0.608800,0.289700,0.472500,0.469200,0.924700,1.342800,1.541400,1.562400,1.650200,1.690100,0.538098,-0.535604,-0.027330,0.000000
0.342700,0.256900,0.391900,0.363100,0.578000,0.876900,1.025600,1.072200,1.055100,1.177700,0.494043,-0.464654,0.008038,0.000000
0.205100,0.264800,0.445000,0.416100,0.734600,0.912200,0.934500,0.914200,0.912200,0.860500,0.374427,-0.345203,0.001095,0.000000
0.210400,0.319200,0.495400,0.468600,0.779200,0.933900,0.981700,1.044000,0.977100,0.842800,0.380405,-0.356373,0.033101,0.000000
0.468600,0.260200,0.418100,0.382100,0.663900,1.241200,1.455500,1.548600,1.536800,1.661300,0.604185,-0.574821,0.003824,0.000000
0.468600,0.260200,0.418100,0.382100,0.663900,1.241200,1.455500,1.548600,1.536800,1.661300,0.604185,-0.574821,0.003824,0.000000
0.600300,0.411600,0.593100,0.587200,1.057700,1.438500,1.514500,1.379500,1.498800,1.770800,0.402858,-0.398662,-0.041448,0.000000
0.622600,0.474500,0.720200,0.714300,1.126500,1.393900,1.453600,1.303500,1.513200,1.734700,0.292001,-0.288234,-0.074449,0.000000
0.622600,0.474500,0.720200,0.714300,1.126500,1.393900,1.453600,1.303500,1.513200,1.734700,0.292001,-0.288234,-0.074449,0.000000
0.321800,0.270700,0.459400,0.420100,0.688800,1.049900,1.180300,1.182900,1.207200,1.402400,0.475858,-0.440541,-0.010167,0.000000
0.352600,0.265400,0.416800,0.396500,0.664500,1.120600,1.250400,1.367700,1.319200,1.425400,0.550505,-0.532866,0.018051,0.000000
0.258200,0.268000,0.498700,0.473200,0.820500,1.105600,1.175000,1.268100,1.190800,1.362500,0.456498,-0.435477,0.031437,0.000000
0.258200,0.268000,0.498700,0.473200,0.820500,1.105600,1.175000,1.268100,1.190800,1.362500,0.456498,-0.435477,0.031437,0.000000
0.249700,0.221500,0.370900,0.329000,0.627800,0.906300,1.006600,0.981700,1.028900,1.293700,0.497978,-0.451575,-0.023476,0.000000
0.247100,0.237200,0.397800,0.331600,0.635000,0.926700,1.010500,1.078700,1.060400,1.300200,0.529745,-0.461158,0.008555,0.000000
0.319800,0.268700,0.410900,0.378100,0.605500,0.975800,1.118000,1.144200,1.127200,1.362500,0.503252,-0.471545,0.007484,0.000000
0.262100,0.218200,0.377500,0.313300,0.608200,0.970600,1.086600,1.142900,1.156000,1.253700,0.569702,-0.503420,-0.005698,0.000000
0.290300,0.228100,0.352600,0.319200,0.595700,0.948900,1.082600,1.084600,1.097700,1.314000,0.545234,-0.509324,-0.006003,0.000000
0.308000,0.290300,0.413500,0.363100,0.608200,1.006000,1.154100,1.261500,1.219600,1.310700,0.552998,-0.506269,0.016888,0.000000
0.306000,0.258200,0.403700,0.354500,0.597000,1.010500,1.171800,1.255000,1.246500,1.310000,0.559491,-0.513233,0.003398,0.000000
0.308000,0.290300,0.413500,0.363100,0.608200,1.006000,1.154100,1.261500,1.219600,1.310700,0.552998,-0.506269,0.016888,0.000000
0.349300,0.264100,0.391200,0.353900,0.566200,0.969900,1.149500,1.278600,1.231400,1.384800,0.566432,-0.531441,0.018805,0.000000
0.506600,0.292900,0.419400,0.384700,0.743800,1.108900,1.219000,1.230700,1.293700,1.633800,0.523709,-0.491667,-0.024956,0.000000
0.585900,0.885400,1.125200,1.254300,1.546600,1.731400,1.825100,1.817300,1.852700,1.832400,0.183292,-0.235208,-0.009646,0.000000
0.389300,0.232000,0.409600,0.334200,0.707800,1.064900,1.194000,1.074800,1.207800,1.519100,0.525621,-0.448127,-0.058267,0.000000
0.437100,0.253000,0.433800,0.376800,0.917500,1.268800,1.348700,1.146200,1.359900,1.634400,0.505187,-0.450886,-0.085272,0.000000
0.344700,0.292300,0.375500,0.319200,0.708400,1.050500,1.167200,1.050500,1.211700,1.450900,0.533913,-0.473352,-0.071258,0.000000
0.346000,0.376200,0.541300,0.468600,0.659300,1.150800,1.302200,1.354600,1.392000,1.554500,0.485959,-0.428978,-0.013617,0.000000
0.346000,0.376200,0.541300,0.468600,0.659300,1.150800,1.302200,1.354600,1.392000,1.554500,0.485959,-0.428978,-0.013617,0.000000
0.254300,0.315200,0.475100,0.456100,0.730100,1.099700,1.237300,1.281200,1.296900,1.146200,0.474932,-0.458976,-0.006090,0.000000
0.257600,0.301500,0.448300,0.437800,0.709700,1.138300,1.300900,1.310700,1.367700,1.214400,0.499228,-0.490279,-0.021281,0.000000
0.222200,0.334200,0.525600,0.491500,0.808700,1.175000,1.259600,1.284500,1.365100,1.183600,0.446509,-0.419259,-0.030420,0.000000
0.214300,0.377500,0.562300,0.548500,0.865100,1.176400,1.225500,1.285100,1.330400,1.121300,0.401723,-0.391253,-0.017320,0.000000
0.257600,0.301500,0.448300,0.437800,0.709700,1.138300,1.300900,1.310700,1.367700,1.214400,0.499228,-0.490279,-0.021281,0.000000
0.237900,0.331600,0.502700,0.505300,0.787700,1.089200,1.238600,1.309400,1.289700,1.159300,0.443104,-0.445174,0.007580,0.000000
0.231300,0.353900,0.536100,0.525600,0.734000,0.914900,1.025600,1.121300,1.047200,1.016400,0.361710,-0.353083,0.034171,0.000000
0.231300,0.353900,0.536100,0.525600,0.734000,0.914900,1.025600,1.121300,1.047200,1.016400,0.361710,-0.353083,0.034171,0.000000
0.209100,0.342700,0.547200,0.553800,0.677000,0.797600,0.819800,1.075400,0.817900,0.905700,0.320157,-0.325527,0.136006,0.000000
0.197900,0.399800,0.578700,0.594400,0.821800,0.992200,1.079400,1.296300,1.116100,0.874200,0.371238,-0.382720,0.074697,0.000000
0.197900,0.399800,0.578700,0.594400,0.821800,0.992200,1.079400,1.296300,1.116100,0.874200,0.371238,-0.382720,0.074697,0.000000
0.202500,0.285100,0.454200,0.420100,0.759600,0.989600,1.036100,1.135100,1.064300,0.996800,0.459748,-0.428428,0.032191,0.000000
0.199900,0.273900,0.426600,0.381400,0.746400,0.936500,1.004700,1.019700,1.047900,0.949600,0.455571,-0.410081,-0.013639,0.000000
0.237900,0.207700,0.310600,0.258200,0.574100,0.815900,0.910300,0.779200,0.840200,1.132400,0.502217,-0.429987,-0.037668,0.000000
0.237900,0.207700,0.310600,0.258200,0.574100,0.815900,0.910300,0.779200,0.840200,1.132400,0.502217,-0.429987,-0.037668,0.000000
0.227400,0.244400,0.384700,0.344700,0.624500,1.024300,1.138300,1.061000,1.217000,1.214400,0.509568,-0.467801,-0.068481,0.000000
0.227400,0.244400,0.384700,0.344700,0.624500,1.024300,1.138300,1.061000,1.217000,1.214400,0.509568,-0.467801,-0.068481,0.000000
0.243100,0.306700,0.469900,0.454200,0.708400,0.971900,1.079400,1.192700,1.156700,1.052500,0.448418,-0.434741,0.015323,0.000000
0.263500,0.308700,0.480400,0.433200,0.648100,1.007900,1.096400,1.239900,1.185500,1.150800,0.482159,-0.441493,0.022429,0.000000
0.239200,0.270000,0.421400,0.382100,0.637000,0.844700,0.915500,0.928600,0.946300,1.062300,0.416953,-0.375704,-0.009441,0.000000
0.229400,0.473800,0.686200,0.688100,0.884100,1.139000,1.239900,1.449000,1.356600,1.008600,0.356043,-0.357250,0.032934,0.000000
0.222800,0.480400,0.730700,0.734000,0.958100,1.119300,1.196000,1.376200,1.299600,0.978400,0.304331,-0.306374,0.028627,0.000000
0.228100,0.392600,0.633100,0.622600,1.017100,1.181600,1.277300,1.340200,1.344800,0.917500,0.365600,-0.358334,-0.001713,0.000000
0.232000,0.435800,0.647500,0.665200,1.006000,1.230700,1.325800,1.401800,1.432600,0.962100,0.356362,-0.368077,-0.010866,0.000000
0.230000,0.391900,0.582000,0.608200,0.889300,1.182900,1.284500,1.354600,1.407000,1.012500,0.380273,-0.398947,-0.018975,0.000000
0.247700,0.264100,0.390600,0.359800,0.660600,1.053100,1.177700,1.327100,1.283800,1.181600,0.573419,-0.545206,0.016584,0.000000
0.226800,0.316500,0.518400,0.520300,0.827700,1.132400,1.195400,1.276000,1.266100,1.071500,0.420698,-0.422202,0.003894,0.000000
0.249700,0.221500,0.370900,0.329000,0.627800,0.906300,1.006600,0.981700,1.028900,1.293700,0.497978,-0.451575,-0.023476,0.000000
0.239900,0.464000,0.737900,0.753700,1.127900,1.422100,1.540100,1.660000,1.665200,1.104300,0.375482,-0.384545,-0.001564,0.000000
0.236600,0.280500,0.464000,0.450900,0.808000,1.104300,1.185500,1.152800,1.255700,1.228800,0.437675,-0.426027,-0.042724,0.000000
0.236600,0.280500,0.464000,0.450900,0.808000,1.104300,1.185500,1.152800,1.255700,1.228800,0.437675,-0.426027,-0.042724,0.000000
0.236600,0.280500,0.464000,0.450900,0.808000,1.104300,1.185500,1.152800,1.255700,1.228800,0.437675,-0.426027,-0.042724,0.000000
0.237900,0.301500,0.500000,0.502000,0.857900,1.143600,1.230100,1.210400,1.321200,1.213100,0.413688,-0.415341,-0.043767,0.000000
0.237900,0.301500,0.500000,0.502000,0.857900,1.143600,1.230100,1.210400,1.321200,1.213100,0.413688,-0.415341,-0.043767,0.000000
0.242500,0.326400,0.529500,0.515100,0.952200,1.249100,1.336300,1.375600,1.467300,1.247800,0.455122,-0.444124,-0.032256,0.000000
0.242500,0.326400,0.529500,0.515100,0.952200,1.249100,1.336300,1.375600,1.467300,1.247800,0.455122,-0.444124,-0.032256,0.000000
0.240500,0.289000,0.499400,0.474500,0.962700,1.297600,1.372300,1.350700,1.448300,1.256300,0.480057,-0.460137,-0.034870,0.000000
0.227400,0.414200,0.716300,0.696000,1.013800,1.185500,1.300900,1.527600,1.352600,0.988300,0.373988,-0.361558,0.060760,0.000000
0.220200,0.401100,0.703200,0.683500,1.038100,1.395900,1.455500,1.687500,1.509900,1.065600,0.423450,-0.411720,0.055545,0.000000
0.178300,0.200500,0.390600,0.336200,0.606200,0.767400,0.840200,0.883400,0.825100,0.851300,0.448672,-0.386813,0.034124,0.000000
0.238500,0.270700,0.419400,0.388000,0.603600,0.908300,1.008600,1.163200,1.066300,1.075400,0.499742,-0.469986,0.043463,0.000000
0.218900,0.243800,0.404400,0.355900,0.580600,0.816600,0.891900,1.028200,0.939800,0.981100,0.485731,-0.435432,0.044919,0.000000
0.218900,0.243800,0.404400,0.355900,0.580600,0.816600,0.891900,1.028200,0.939800,0.981100,0.485731,-0.435432,0.044919,0.000000
0.238500,0.270700,0.419400,0.388000,0.603600,0.908300,1.008600,1.163200,1.066300,1.075400,0.499742,-0.469986,0.043463,0.000000
0.321800,0.272600,0.433200,0.385300,0.568200,0.923400,1.087200,1.135700,1.135100,1.196700,0.493360,-0.447766,2.6422407E-4,0.000000
0.667100,0.548500,0.766100,0.867000,1.279200,1.612800,1.751800,1.737300,1.837600,1.782600,0.334178,-0.387952,-0.028057,0.000000
0.667100,0.548500,0.766100,0.867000,1.279200,1.612800,1.751800,1.737300,1.837600,1.782600,0.334178,-0.387952,-0.028057,0.000000
0.667100,0.548500,0.766100,0.867000,1.279200,1.612800,1.751800,1.737300,1.837600,1.782600,0.334178,-0.387952,-0.028057,0.000000